transaction_id,transaction_date,customer_id,customer_age,customer_tenure_days,is_vip,merchant_id,merchant_category,merchant_riskscore,amount,currency,payment_method,channel,card_present,device_type,device_fingerprint,billing_country,shipping_country,ip_country,is_cross_border,is_new_device,txn_count_1h,txn_count_24h,prev_chargebacks_12m,email_domain,product_type,actual_fraud,predicted_fraud
PR000000001,1/1/2026,C001765,54,1779,0,M000284,digital_goods,0.6022127891508434,8.39,EUR,card,web,0,android,,NL,IE,DE,1,0,0,3,0,proton.me,standard,0,0
PR000000002,1/1/2026,C002120,19,1800,0,M000289,utilities,0.18447735407647423,40.22,GBP,card,web,0,windows,a03a638ad7972e45,IE,ES,GB,1,0,0,3,0,business.com,standard,0,0
PR000000003,1/1/2026,C000263,26,365,0,M000115,grocery,0.3558057871958689,49.48,EUR,card,web,0,linux,e1210dddc10e93cc,DE,IE,IE,1,0,1,2,0,yahoo.com,standard,0,0
PR000000004,1/1/2026,C000078,41,2139,0,M000407,marketplace,0.4677988815279597,53.6,EUR,bank_transfer,web,0,macos,10b837c8a7181eda,NL,GB,US,1,0,3,3,0,gmail.com,standard,0,1
PR000000005,1/1/2026,C001645,76,3604,0,M000433,health,0.4389554986886024,19.19,EUR,bank_transfer,web,0,windows,6edf9e4c1a18c9b6,FR,IE,FR,1,0,0,4,0,outlook.com,standard,0,0
PR000000006,1/1/2026,C000751,53,1332,0,M000457,fashion,0.3002570848749172,22.84,GBP,card,web,0,android,03957e21fd68682d,SE,FR,NL,1,0,2,5,0,outlook.com,subscription,0,0
PR000000007,1/1/2026,C000086,63,467,0,M000195,utilities,0.38708273836487983,44.49,EUR,card,web,0,ios,bd073b6e2bd3066f,GB,DE,IT,1,0,0,2,0,business.com,standard,0,0
PR000000008,1/1/2026,C000862,21,2632,0,M000259,electronics,0.5695958921512025,13.51,EUR,card,in_app,1,ios,,FR,FR,IE,1,1,2,4,0,outlook.com,standard,0,0
PR000000009,1/1/2026,C000131,43,3131,0,M000318,grocery,0.15212545679084472,41.56,GBP,card,mobile_app,0,ios,19221e4c2686d234,GB,DE,ES,1,0,0,2,0,gmail.com,standard,0,0
PR000000010,1/1/2026,C000694,26,2167,0,M000100,digital_goods,0.6210697529067838,101.65,EUR,card,mobile_app,0,windows,95978c965513b65c,GB,ES,ES,1,0,0,1,0,gmail.com,standard,1,0
PR000000011,1/1/2026,C000049,24,2614,0,M000375,marketplace,0.413584393,52.4,GBP,card,pos,1,ios,953055cd565921b0,PL,IE,FR,1,0,0,3,0,business.com,standard,0,0
PR000000012,1/1/2026,C000709,66,3304,0,M000102,telecoms,0.4787444137226229,72.46,EUR,wallet,web,0,macos,82ca0d0e2068f94d,IE,IE,GB,1,0,0,4,0,icloud.com,standard,0,0
PR000000013,1/1/2026,C002391,53,601,0,M000336,electronics,0.6567298291036764,33.85,EUR,bank_transfer,mobile_app,0,ios,7c9fb08cbd4d2fdf,IE,DE,IE,1,0,0,4,0,proton.me,subscription,0,0
PR000000014,1/1/2026,C002410,69,738,0,M000442,grocery,0.043067613,15.92,EUR,card,in_app,0,ios,87d9895911eb0330,GB,PL,GB,1,0,0,1,0,gmail.com,standard,0,0
PR000000015,1/1/2026,C001283,30,2973,0,M000020,restaurants,0.081136295,51.04,EUR,card,mobile_app,0,macos,5bc43c88e1b73706,ES,IT,IE,1,0,0,3,0,icloud.com,standard,0,0
PR000000016,1/1/2026,C002052,45,138,0,M000335,telecoms,0.32456689782738307,37.37,EUR,wallet,web,0,android,b14e316737a5fdd0,SE,IE,DE,1,1,1,8,1,yahoo.com,subscription,0,1
PR000000017,1/1/2026,C002033,23,2794,0,M000010,utilities,0.3595884446287345,28.85,EUR,card,mobile_app,0,android,,PL,GB,DE,1,0,0,3,0,icloud.com,gift_cards,0,0
PR000000018,1/1/2026,C000838,37,2099,0,M000063,digital_goods,0.6118827617977936,33.13,EUR,card,web,0,ios,30fc0883efe49d4e,GB,IE,IE,1,0,1,5,0,gmail.com,standard,0,0
PR000000019,1/1/2026,C000333,77,1114,0,M000401,restaurants,0.42899337792838343,128.81,GBP,bank_transfer,web,0,android,847715aa6eaf846f,IE,GB,GB,1,1,2,3,2,outlook.com,gift_cards,0,1
PR000000020,1/1/2026,C002546,59,743,0,M000009,grocery,0.18325873890097197,79.78,EUR,bank_transfer,in_app,0,ios,7f527059fcd1668f,PL,IE,US,1,0,2,4,0,icloud.com,standard,0,1
PR000000021,1/1/2026,C001994,60,1411,0,M000268,restaurants,0.36984734813261233,97.84,EUR,card,mobile_app,0,ios,4caa9d50333a0da8,IE,GB,IE,1,0,0,1,0,proton.me,standard,0,0
PR000000022,1/1/2026,C001930,46,908,0,M000203,telecoms,0.6127807770000339,65.52,USD,wallet,web,0,android,,DE,DE,GB,1,0,0,4,0,outlook.com,standard,0,0
PR000000023,1/1/2026,C002162,72,3465,0,M000281,fashion,0.067229435,25.03,EUR,card,web,0,ios,ab0b7c3513faa9a5,IE,IE,IE,0,0,0,2,0,business.com,standard,0,0
PR000000024,1/1/2026,C000711,66,2229,0,M000004,travel,0.6257009425097303,34.41,GBP,card,pos,1,linux,dac61ea2c8f4f54e,IE,GB,DE,1,0,1,3,0,gmail.com,standard,0,0
PR000000025,1/1/2026,C001319,36,2041,0,M000290,digital_goods,0.5746834725009441,21.85,GBP,wallet,web,0,android,67858eacc285aa15,GB,GB,US,1,0,1,3,0,gmail.com,standard,0,0
PR000000026,1/1/2026,C002434,51,2775,0,M000073,restaurants,0.25625450166022784,10.25,GBP,card,web,0,ios,e535fd58c7faa9b3,IE,US,US,1,0,0,3,0,yahoo.com,standard,0,0
PR000000027,1/1/2026,C001836,45,3105,0,M000450,restaurants,0.3178388721143678,28.24,EUR,card,mobile_app,0,windows,c690d2fd45569f23,GB,SE,IE,1,0,1,2,0,business.com,standard,0,0
PR000000028,1/1/2026,C000477,74,155,0,M000164,telecoms,0.28832539460208084,27.31,EUR,card,web,0,macos,3d96e868c6446e6b,IE,ES,SE,1,0,0,4,0,icloud.com,standard,0,0
PR000000029,1/1/2026,C000409,26,2285,0,M000120,grocery,0.13097250354123247,197.63,EUR,wallet,web,0,ios,0268bb7e0e7ee008,FR,IE,US,1,0,0,4,0,proton.me,standard,0,0
PR000000030,1/1/2026,C000903,54,954,0,M000253,services,0.4494998442655485,64.78,EUR,bank_transfer,web,0,macos,8d9bae179a462d84,GB,IE,DE,1,0,1,5,0,outlook.com,standard,0,0
PR000000031,1/1/2026,C000210,66,513,0,M000411,restaurants,0.20827772280722365,47.11,EUR,card,mobile_app,0,android,83d91887e16b2804,IE,DE,IE,1,0,0,1,0,gmail.com,standard,0,0
PR000000032,1/1/2026,C000439,73,3108,0,M000003,grocery,0.01,33.96,EUR,card,pos,1,linux,1d6d611a62312807,GB,IE,GB,1,1,0,5,0,business.com,gift_cards,0,0
PR000000033,1/1/2026,C000780,60,1565,0,M000380,services,0.41835954293268884,141.79,EUR,card,mobile_app,0,android,6fb36865dc3beda6,IE,DE,US,1,0,0,1,0,gmail.com,standard,0,0
PR000000034,1/1/2026,C001619,20,1690,0,M000098,utilities,0.17552986079293692,46.24,EUR,bank_transfer,mobile_app,0,android,,DE,NL,US,1,0,0,6,0,yahoo.com,standard,0,0
PR000000035,1/1/2026,C000964,38,3043,0,M000383,health,,30.45,EUR,card,web,0,windows,7e25931ee4088374,DE,FR,ES,1,1,0,8,0,business.com,standard,0,0
PR000000036,1/1/2026,C001807,53,825,0,M000141,fashion,0.23013011902997713,82.72,EUR,wallet,web,0,android,72384be8269f94e6,PL,IE,ES,1,0,1,4,0,business.com,subscription,0,0
PR000000037,1/1/2026,C001266,31,740,0,M000424,telecoms,0.36890930742653294,71.81,EUR,bank_transfer,in_app,0,ios,bb46ea35efd49267,US,FR,PL,1,0,0,4,0,outlook.com,subscription,0,0
PR000000038,1/1/2026,C001276,40,332,0,M000144,travel,0.7689817423420775,82.64,EUR,bank_transfer,mobile_app,0,ios,5b243b88ba126638,IT,NL,DE,1,0,0,2,0,business.com,standard,0,0
PR000000039,1/1/2026,C001452,37,1860,0,M000299,marketplace,0.623672201,25.42,USD,card,mobile_app,0,android,9f67f02ad53df9b6,IE,IE,FR,1,0,1,2,0,icloud.com,standard,0,0
PR000000040,1/1/2026,C002065,21,2384,0,M000348,marketplace,0.3702034099381506,15.07,GBP,wallet,mobile_app,0,ios,a5d3a59cc15aafa2,IT,US,IE,1,0,0,3,0,icloud.com,standard,0,0
PR000000041,1/1/2026,C001328,18,346,0,M000183,restaurants,0.3280605698490335,54.22,GBP,bank_transfer,mobile_app,0,android,41a193627eee5b9d,IT,IE,US,1,0,0,2,0,outlook.com,standard,0,0
PR000000042,1/1/2026,C001231,60,740,0,M000017,travel,0.519358479,34.25,EUR,card,mobile_app,0,macos,336a92899f646ee1,IE,GB,FR,1,0,0,1,0,gmail.com,standard,0,0
PR000000043,1/1/2026,C002584,31,2910,0,M000031,grocery,0.20219910935980878,24.87,EUR,card,web,0,android,,IT,DE,GB,1,0,2,0,0,gmail.com,standard,0,0
PR000000044,1/1/2026,C001797,72,1425,0,M000088,utilities,0.27070690108599493,49.99,GBP,card,web,0,android,25bd307fedd75b75,US,ES,DE,1,0,0,7,0,proton.me,standard,0,0
PR000000045,1/1/2026,C000016,53,2797,1,M000460,marketplace,0.3103111326273795,36.46,EUR,bank_transfer,pos,1,ios,b1834145eec27b69,NL,GB,DE,1,0,0,1,0,outlook.com,standard,0,0
PR000000046,1/1/2026,C000728,58,122,0,M000438,services,0.10765990484999702,120.72,EUR,card,web,0,windows,fdf2e608cbf31846,GB,US,NL,1,0,1,5,0,gmail.com,standard,0,0
PR000000047,1/1/2026,C000982,28,2003,0,M000178,gaming,0.393091845,21.94,EUR,wallet,web,0,ios,,FR,IE,GB,1,0,1,5,0,gmail.com,standard,0,0
PR000000048,1/1/2026,C000272,53,1474,0,M000284,electronics,0.5980666352446563,22.05,EUR,card,web,0,macos,37359bdd6198ba4a,IE,IE,DE,1,0,1,3,0,student.edu,standard,0,0
PR000000049,1/1/2026,C002117,37,2980,0,M000102,travel,0.4811818195176123,85.28,EUR,bank_transfer,web,0,windows,dc024a75fcc2b887,IE,GB,US,1,0,2,4,1,student.edu,subscription,0,1
PR000000050,1/1/2026,C002126,69,1009,0,M000450,grocery,0.32030409014087746,25.34,EUR,card,pos,1,windows,,FR,IT,IE,1,0,0,6,0,yahoo.com,subscription,0,0
PR000000051,1/1/2026,C001060,21,851,0,M000115,travel,0.6096787607314214,102.36,EUR,card,pos,1,ios,,IE,IT,GB,1,0,1,2,0,,standard,0,0
PR000000052,1/1/2026,C001594,62,2896,0,M000130,restaurants,0.4174690820326931,16.19,GBP,card,mobile_app,0,android,54faba8d4e07a649,GB,IE,GB,1,0,0,0,0,gmail.com,gift_cards,0,0
PR000000053,1/1/2026,C001029,54,2006,0,M000445,services,0.5041464325831825,28.52,EUR,card,in_app,0,ios,,PL,DE,NL,1,0,3,1,0,gmail.com,standard,0,0
PR000000054,1/2/2026,C000469,46,176,0,M000057,restaurants,0.24975941009353186,56.34,EUR,card,in_app,0,windows,,IE,PL,BR,1,0,0,1,0,gmail.com,standard,0,0
PR000000055,1/2/2026,C001500,44,1550,0,M000136,health,0.3148757339777907,69.65,EUR,card,web,0,android,6962a2f249cfb238,GB,IT,BR,1,0,1,3,0,gmail.com,subscription,0,0
PR000000056,1/2/2026,C000978,18,2537,0,M000438,digital_goods,0.45208030931063403,58.81,GBP,card,web,0,ios,2a132c4425490037,ES,GB,NL,1,0,1,6,0,,standard,0,0
PR000000057,1/2/2026,C002247,55,3401,0,M000183,electronics,0.5435797851765278,44.07,EUR,bank_transfer,mobile_app,0,android,c690fb5563311d5b,FR,GB,US,1,0,1,2,0,icloud.com,subscription,0,0
PR000000058,1/2/2026,C001989,23,2202,0,M000448,marketplace,0.6010958339519755,16.77,EUR,card,web,0,macos,9dd4df90c6f16474,SE,FR,PL,1,0,1,4,0,outlook.com,standard,0,0
PR000000059,1/2/2026,C002583,79,2377,0,M000326,digital_goods,,24.01,EUR,card,web,0,ios,46f91ea7a577ce71,IE,GB,NL,1,0,0,4,0,gmail.com,standard,0,0
PR000000060,1/2/2026,C001604,42,444,0,M000448,health,0.3558528640436525,19.21,EUR,card,mobile_app,0,linux,77e0cf535c59dac5,IE,IE,IE,0,0,0,2,0,gmail.com,standard,0,0
PR000000061,1/2/2026,C000589,63,486,0,M000196,utilities,0.43814691,24.08,EUR,card,mobile_app,0,macos,883124d24c651b84,IE,GB,DE,1,0,2,4,0,gmail.com,gift_cards,0,0
PR000000062,1/2/2026,C001207,34,2824,0,M000081,gaming,0.3429489122760472,19.25,EUR,bank_transfer,web,0,linux,497eb72df4f2309d,IE,DE,GB,1,0,1,2,0,yahoo.com,standard,0,0
PR000000063,1/2/2026,C002021,64,2980,0,M000207,marketplace,,35.08,USD,bank_transfer,mobile_app,0,macos,fb558e2b7f0e1b56,ES,SE,IE,1,0,0,3,0,gmail.com,standard,0,0
PR000000064,1/2/2026,C000192,24,3376,0,M000071,electronics,0.47161798575005226,40.44,EUR,card,mobile_app,0,macos,dd7de2f6a7edcc83,IE,IE,US,1,0,0,2,0,yahoo.com,gift_cards,0,0
PR000000065,1/2/2026,C002457,67,3126,0,M000006,restaurants,0.316421145,21.05,GBP,bank_transfer,in_app,0,ios,ae7dcfe3b5cc4cf0,IE,IE,US,1,0,0,3,0,outlook.com,standard,0,0
PR000000066,1/2/2026,C001056,46,419,0,M000350,fashion,0.27461350633766074,32.74,EUR,card,in_app,0,android,7539e6d97cfef320,GB,GB,GB,0,1,2,3,0,outlook.com,standard,0,0
PR000000067,1/2/2026,C000788,37,1897,0,M000135,grocery,0.387019299,30.9,EUR,card,mobile_app,0,ios,8728b61e7e5e596a,IE,PL,GB,1,0,2,3,0,outlook.com,standard,0,0
PR000000068,1/2/2026,C001129,42,45,0,M000063,marketplace,,120.2,GBP,card,mobile_app,0,ios,996f24e929761479,IE,IE,GB,1,0,0,4,0,yahoo.com,standard,0,0
PR000000069,1/2/2026,C000266,78,118,0,M000358,restaurants,0.2517279175483255,46.66,EUR,card,in_app,0,ios,,IE,IE,DE,1,0,0,1,0,business.com,gift_cards,0,0
PR000000070,1/2/2026,C001322,65,1325,0,M000462,marketplace,0.596809649,88.31,EUR,card,mobile_app,0,macos,,IE,NL,FR,1,1,2,5,0,proton.me,standard,1,1
PR000000071,1/2/2026,C000535,52,423,0,M000038,telecoms,0.34833895643816626,47.37,EUR,card,mobile_app,0,ios,,IE,FR,DE,1,0,0,1,0,yahoo.com,standard,0,0
PR000000072,1/2/2026,C001433,40,625,0,M000426,restaurants,0.32640176896850914,20.07,EUR,card,web,0,macos,d8665a3b893d151a,FR,PL,FR,1,0,0,4,1,icloud.com,subscription,0,0
PR000000073,1/2/2026,C000798,28,2415,0,M000206,marketplace,0.7013477944090765,36.19,USD,card,web,0,android,e9b73860fd0c559d,GB,DE,IT,1,0,0,4,0,business.com,standard,0,0
PR000000074,1/2/2026,C002353,44,1430,1,M000120,grocery,0.18144980966837165,38.15,EUR,card,web,0,linux,6625460a95512520,IE,IE,IE,0,0,0,6,0,,standard,0,0
PR000000075,1/2/2026,C002035,30,2655,0,M000158,health,0.4156975092767713,79.69,EUR,card,web,0,windows,dafed34e23ce46cf,IE,IE,US,1,0,0,4,0,yahoo.com,standard,0,0
PR000000076,1/2/2026,C001285,39,484,0,M000427,fashion,0.3952366944389708,23.39,EUR,card,mobile_app,0,android,6858e361d57fdb63,PL,ES,IE,1,0,0,3,0,proton.me,standard,0,0
PR000000077,1/2/2026,C000452,60,3496,0,M000261,grocery,0.11310448492529282,57.7,EUR,card,web,0,ios,e76bf65551c7dd0e,PL,IT,DE,1,0,0,5,0,gmail.com,gift_cards,0,0
PR000000078,1/2/2026,C001470,31,755,0,M000328,grocery,0.19539415270699867,26.02,EUR,wallet,pos,1,ios,6949460e62c6c2a2,ES,NL,IE,1,0,0,6,0,gmail.com,standard,0,0
PR000000079,1/2/2026,C002573,37,2579,0,M000426,utilities,0.24625365206691335,57.38,GBP,card,mobile_app,0,windows,,GB,DE,DE,1,0,1,5,0,icloud.com,standard,0,0
PR000000080,1/2/2026,C000202,37,1351,0,M000139,grocery,0.2195080642169414,98.61,EUR,bank_transfer,pos,1,ios,,DE,GB,FR,1,1,0,8,0,business.com,standard,0,0
PR000000081,1/2/2026,C001595,21,2831,0,M000278,fashion,0.20259639205387958,17.42,EUR,wallet,mobile_app,0,android,8b410ef540edf7db,IE,DE,ES,1,0,1,1,0,student.edu,gift_cards,0,0
PR000000082,1/2/2026,C000259,57,2195,1,M000059,grocery,0.016112253660634762,67.09,EUR,wallet,web,0,ios,433e452b0cc4ab42,DE,GB,FR,1,0,1,6,0,proton.me,gift_cards,0,0
PR000000083,1/2/2026,C000958,37,278,0,M000240,services,0.34475138709090747,27.71,GBP,card,web,0,android,6f6d21b2cd298646,NL,IE,IE,1,0,1,4,0,icloud.com,gift_cards,0,0
PR000000084,1/2/2026,C001881,48,2910,0,M000417,digital_goods,0.5490971816704582,42.77,EUR,card,web,0,ios,c161038a62d768da,GB,IE,IE,1,1,0,9,0,,standard,0,0
PR000000085,1/2/2026,C001487,35,448,0,M000137,marketplace,0.5588570816250604,11.89,EUR,card,in_app,0,ios,de40b7042e55bfe9,GB,GB,ES,1,0,0,3,0,proton.me,standard,0,0
PR000000086,1/2/2026,C000444,57,1672,0,M000339,services,0.44329587360953276,36.89,EUR,card,web,0,ios,ed592eba81a1dd4f,ES,ES,US,1,0,0,6,0,gmail.com,standard,0,0
PR000000087,1/2/2026,C002104,40,1934,0,M000032,travel,0.43958972766686244,54.34,EUR,card,in_app,0,ios,df67331a58723e90,DE,PL,IE,1,0,2,5,0,outlook.com,standard,0,0
PR000000088,1/2/2026,C000277,63,117,0,M000203,restaurants,0.08889411,27.64,EUR,card,mobile_app,0,windows,,US,IT,FR,1,0,0,2,0,gmail.com,standard,0,0
PR000000089,1/2/2026,C000778,35,488,1,M000466,marketplace,0.5276760267397632,26.61,EUR,card,mobile_app,0,ios,60bdffe7ce5f12c7,IE,PL,IE,1,0,0,3,0,yahoo.com,standard,0,0
PR000000090,1/2/2026,C001665,40,924,0,M000332,services,0.39556110190188903,7.66,GBP,card,web,0,macos,e68d9e654673ec8f,GB,DE,IE,1,1,0,11,0,yahoo.com,standard,0,0
PR000000091,1/2/2026,C000939,73,1661,0,M000406,utilities,0.24894743337048839,12.07,USD,card,pos,1,ios,8c660751a1114aec,NL,GB,FR,1,0,0,1,0,gmail.com,standard,0,0
PR000000092,1/2/2026,C001763,59,2903,0,M000460,services,0.476573516,52.94,EUR,bank_transfer,mobile_app,0,android,ffb78b6c4d286bce,US,DE,GB,1,0,0,2,0,outlook.com,subscription,0,0
PR000000093,1/2/2026,C000842,37,1424,1,M000261,digital_goods,0.39828408319753783,12.27,EUR,card,web,0,android,a2ebbc49aa2355f6,DE,IE,BR,1,0,1,1,0,gmail.com,standard,0,0
PR000000094,1/2/2026,C000104,63,1464,0,M000166,fashion,0.45060619461794754,19.43,EUR,card,mobile_app,0,android,9188533fd3345537,FR,GB,GB,1,0,0,3,0,gmail.com,standard,0,0
PR000000095,1/2/2026,C000790,69,1391,0,M000411,electronics,0.7195571524186789,61.09,USD,card,mobile_app,0,windows,,IE,DE,US,1,0,1,3,0,student.edu,standard,0,0
PR000000096,1/2/2026,C001773,58,1493,0,M000342,telecoms,0.19135058353608098,33.43,EUR,card,mobile_app,0,windows,5583fc7656fe478f,FR,NL,NL,1,0,0,2,0,business.com,gift_cards,0,0
PR000000097,1/2/2026,C000745,51,992,0,M000478,marketplace,0.444785557,42.26,EUR,card,web,0,ios,,IE,DE,IE,1,0,0,3,0,gmail.com,standard,0,0
PR000000098,1/2/2026,C002061,55,1432,0,M000475,digital_goods,0.6345234388761463,22.3,EUR,card,web,0,android,3cca63ceae56bbe3,PL,IE,ES,1,0,0,2,0,yahoo.com,standard,0,0
PR000000099,1/2/2026,C002100,19,1230,0,M000470,grocery,0.4344403404163418,26.38,EUR,card,web,0,android,297a629dd23da325,IE,IE,US,1,1,2,1,0,gmail.com,gift_cards,0,0
PR000000100,1/2/2026,C001326,76,2279,0,M000349,utilities,0.2596857999003283,14.31,GBP,card,pos,1,ios,ce1d3b76ffd6316a,GB,DE,GB,1,0,2,2,0,student.edu,standard,0,0
PR000000101,1/2/2026,C002455,62,1003,0,M000299,services,0.25255541934913883,23.95,EUR,card,mobile_app,0,ios,,IE,ES,IE,1,0,0,0,0,gmail.com,standard,0,0
PR000000102,1/3/2026,C001959,54,587,0,M000035,grocery,0.15730984029111814,34.98,USD,card,web,0,macos,30749092d53ca2e7,IE,NL,US,1,0,1,5,0,gmail.com,standard,0,0
PR000000103,1/3/2026,C000850,79,3333,0,M000036,services,0.23894450536989437,45.27,EUR,card,web,0,android,,IT,IT,DE,1,0,2,2,0,yahoo.com,standard,0,0
PR000000104,1/3/2026,C001630,33,2134,0,M000244,fashion,0.6151342073016899,34.88,EUR,card,pos,1,android,81dff8ba7f8c054c,FR,ES,GB,1,0,1,0,1,gmail.com,standard,0,0
PR000000105,1/3/2026,C002002,27,273,0,M000378,grocery,0.3210292809066658,16.71,EUR,card,in_app,0,ios,daccf5dcc115b5c8,DE,IE,IE,1,0,0,2,0,business.com,standard,0,0
PR000000106,1/3/2026,C001008,55,676,0,M000455,marketplace,0.5325200498949357,48.72,GBP,card,mobile_app,0,android,6c5820603c438a31,FR,NL,IE,1,0,0,0,0,outlook.com,standard,0,0
PR000000107,1/3/2026,C000790,45,1101,0,M000398,travel,0.7054171127974753,36.67,EUR,card,web,0,android,2a16b344543c9133,FR,FR,IE,1,1,0,3,0,proton.me,subscription,0,0
PR000000108,1/3/2026,C001459,34,2193,0,M000222,electronics,0.3543994973268275,45.34,EUR,wallet,web,0,windows,,IE,IE,FR,1,0,2,2,0,business.com,standard,0,0
PR000000109,1/3/2026,C000183,69,1094,0,M000071,telecoms,0.3456194235646409,10.31,EUR,wallet,mobile_app,0,ios,223ea5667c2806b9,IE,GB,DE,1,0,1,0,0,yahoo.com,subscription,0,0
PR000000110,1/3/2026,C001090,66,1495,0,M000343,gaming,0.5047512217290766,45.4,EUR,card,pos,1,ios,f76cec169d2a468f,DE,FR,IE,1,0,0,3,0,gmail.com,gift_cards,0,0
PR000000111,1/3/2026,C002016,76,2166,1,M000216,digital_goods,0.543539132,49.24,EUR,card,web,0,windows,7b56dd8efe626851,ES,IE,IE,1,0,1,4,0,gmail.com,gift_cards,0,0
PR000000112,1/3/2026,C000688,79,2658,0,M000027,marketplace,0.3981308699488337,15.54,EUR,card,web,0,android,f9788a274da651e5,FR,ES,ES,1,1,0,4,0,outlook.com,standard,0,0
PR000000113,1/3/2026,C001612,44,2721,0,M000229,electronics,0.35323499448029716,89,EUR,card,mobile_app,0,android,075125bc205d3e79,NL,DE,GB,1,0,1,2,0,outlook.com,standard,0,0
PR000000114,1/3/2026,C000440,24,1273,0,M000089,marketplace,0.5653793696535853,19.53,GBP,card,web,0,ios,849d3e8ff9a2b45f,IE,IE,GB,1,0,2,3,0,proton.me,standard,0,0
PR000000115,1/3/2026,C000198,18,1573,0,M000349,digital_goods,0.48918586936435915,46.65,EUR,card,web,0,android,fbbd760ddd05c57f,NL,IE,DE,1,0,1,5,0,outlook.com,standard,0,0
PR000000116,1/3/2026,C002133,36,2064,0,M000454,restaurants,0.2482032657505999,65.16,EUR,card,web,0,android,e0b44d09f6e0ce37,GB,IE,IE,1,0,1,3,0,gmail.com,standard,0,0
PR000000117,1/3/2026,C001456,72,211,0,M000059,utilities,0.22615680336320435,30.44,EUR,card,web,0,macos,41272ca6f159c460,IT,GB,GB,1,0,0,2,0,proton.me,standard,0,0
PR000000118,1/3/2026,C001345,67,511,0,M000331,restaurants,0.1938506916756573,71.32,EUR,bank_transfer,mobile_app,0,ios,25d9c7359b679b70,FR,DE,IE,1,0,0,3,0,yahoo.com,standard,0,0
PR000000119,1/3/2026,C000722,33,1305,0,M000427,services,0.19578883924803378,96.52,EUR,card,web,0,android,f32081d1f9bcc1eb,IE,DE,IE,1,1,2,8,0,icloud.com,standard,0,1
PR000000120,1/3/2026,C000962,34,972,0,M000012,electronics,0.5507069012175008,14,EUR,card,pos,1,android,386e8afe87ac9162,NL,ES,IE,1,0,0,1,0,gmail.com,standard,0,0
PR000000121,1/3/2026,C000863,36,766,0,M000308,digital_goods,0.5030774404997241,106.56,EUR,bank_transfer,mobile_app,0,ios,232f05d3116c7f7d,FR,FR,IE,1,0,0,2,0,gmail.com,standard,0,0
PR000000122,1/3/2026,C001145,23,2104,1,M000311,services,0.37839848077358174,49.23,EUR,card,web,0,ios,7ca83d0717ab1d8e,IE,IE,US,1,0,1,1,0,icloud.com,standard,0,0
PR000000123,1/3/2026,C000871,46,1521,0,M000203,travel,0.582408598,37.16,EUR,card,mobile_app,0,windows,90259f65477a9b65,IE,NL,DE,1,0,,5,0,gmail.com,standard,0,0
PR000000124,1/3/2026,C000383,34,575,0,M000411,telecoms,0.35518555392081946,68.97,EUR,card,pos,1,ios,c8975fcc12850e5d,NL,GB,US,1,0,0,2,0,yahoo.com,standard,0,0
PR000000125,1/3/2026,C002380,52,853,0,M000406,gaming,0.573340528,8.81,EUR,card,in_app,0,windows,a975e3d22cf6b934,GB,FR,PL,1,1,2,6,0,icloud.com,standard,0,1
PR000000126,1/3/2026,C001827,57,3296,0,M000101,utilities,,38.93,EUR,wallet,web,0,linux,7ffcdcf82d68426e,SE,IE,PL,1,0,1,4,0,gmail.com,gift_cards,0,0
PR000000127,1/3/2026,C002059,56,2777,0,M000272,health,0.2330164608810978,129.4,EUR,bank_transfer,web,0,ios,85b43d1bc7d05108,GB,IT,DE,1,0,1,3,0,proton.me,gift_cards,0,0
PR000000128,1/3/2026,C000396,34,3641,0,M000333,utilities,0.17515391438012876,52.47,EUR,card,web,0,ios,8cd54a1bfc7d2429,IE,IE,ES,1,1,0,9,0,outlook.com,standard,0,0
PR000000129,1/3/2026,C001112,37,1791,0,M000339,electronics,0.4937930619201887,4.5,EUR,card,mobile_app,0,ios,,IE,US,DE,1,0,0,1,0,gmail.com,gift_cards,0,0
PR000000130,1/3/2026,C001902,59,390,0,M000322,grocery,0.10200540171784936,19.53,EUR,card,web,0,ios,ef6aa2776fcdcaba,IE,FR,US,1,0,0,9,0,,standard,0,0
PR000000131,1/3/2026,C000710,49,398,0,M000392,services,0.38241586807678873,22.4,EUR,card,mobile_app,0,ios,47cc04f3808b6849,GB,NL,NL,1,0,0,3,0,student.edu,standard,0,0
PR000000132,1/3/2026,C002121,51,2428,0,M000145,health,0.4971613170988718,19.19,EUR,card,pos,1,linux,73aae89f581b13b8,SE,ES,US,1,0,1,2,0,business.com,standard,0,0
PR000000133,1/3/2026,C000203,53,2468,0,M000270,utilities,0.2335364914642511,17.55,GBP,card,mobile_app,0,ios,7060a70830a71a68,ES,IE,IT,1,0,3,3,0,outlook.com,standard,0,0
PR000000134,1/3/2026,C001404,68,1739,0,M000081,utilities,0.2408895773901404,12.85,EUR,card,web,0,linux,b79b34aabbfd12f2,IE,IE,PL,1,0,1,3,0,gmail.com,standard,0,0
PR000000135,1/3/2026,C000901,24,2264,0,M000017,utilities,0.22617322796757694,38.76,GBP,wallet,mobile_app,0,macos,,IE,FR,IE,1,0,0,3,0,gmail.com,standard,0,0
PR000000136,1/3/2026,C001241,20,2335,0,M000308,services,0.2773738293397602,38.93,EUR,card,mobile_app,0,ios,,IT,IT,US,1,0,1,3,0,yahoo.com,subscription,0,0
PR000000137,1/3/2026,C001104,49,148,0,M000320,fashion,0.3152606764454445,43.62,EUR,card,web,0,windows,d9eedd295d3c5eec,NL,DE,IE,1,0,1,5,0,gmail.com,standard,0,0
PR000000138,1/3/2026,C002205,35,2637,0,M000026,services,0.298271163,24.56,EUR,card,web,0,ios,5e301736c1a634f5,NL,IE,FR,1,0,0,3,0,student.edu,standard,0,0
PR000000139,1/3/2026,C001510,56,3483,0,M000172,services,0.38607214254550687,48.34,GBP,card,web,0,ios,48b201a0467f876a,IE,NL,DE,1,1,3,10,1,business.com,standard,0,1
PR000000140,1/3/2026,C001148,52,3211,0,M000250,fashion,0.36856766250859163,7.93,USD,card,in_app,0,android,a665477381ef0495,US,NL,IE,1,0,0,1,0,gmail.com,standard,0,0
PR000000141,1/3/2026,C001772,54,1725,0,M000280,grocery,0.13474957222929151,68.61,EUR,bank_transfer,mobile_app,0,linux,3ce6e58d4e2089ea,IE,US,IE,1,0,1,4,0,gmail.com,standard,0,0
PR000000142,1/3/2026,C002157,33,1166,0,M000432,fashion,0.38372336899824216,45.48,EUR,wallet,web,0,android,7570f7c59d111b52,NL,DE,DE,1,0,0,4,0,icloud.com,gift_cards,0,0
PR000000143,1/3/2026,C002089,47,2610,0,M000469,electronics,0.4757619993637715,86.08,EUR,card,web,0,android,71c684b6376e8940,FR,NL,US,1,0,0,1,0,icloud.com,standard,0,0
PR000000144,1/3/2026,C002211,44,1443,0,M000247,telecoms,0.4750226142037161,25.3,EUR,wallet,web,0,ios,,DE,IE,DE,1,0,2,4,0,icloud.com,subscription,0,0
PR000000145,1/3/2026,C002560,44,3540,0,M000425,fashion,0.2648405841862667,20.31,USD,card,web,0,windows,c236ea26685d1eb1,IT,GB,IE,1,0,0,5,1,outlook.com,standard,0,0
PR000000146,1/3/2026,C000091,69,3520,0,M000231,utilities,0.27956558681269406,33.67,EUR,card,web,0,android,35f011113064a369,GB,DE,US,1,0,1,6,0,gmail.com,gift_cards,0,0
PR000000147,1/3/2026,C000560,63,457,0,M000147,restaurants,0.3178233910500115,19.13,EUR,card,mobile_app,0,ios,7ac4742836e285e5,PL,DE,GB,1,0,0,5,0,gmail.com,standard,0,0
PR000000148,1/3/2026,C001073,21,3339,0,M000470,electronics,0.4971202312587173,40.84,EUR,card,web,0,android,16323f4b0eb6d5d8,GB,GB,IE,1,0,1,3,0,outlook.com,gift_cards,0,0
PR000000149,1/3/2026,C000249,33,3195,0,M000434,digital_goods,0.7645413768414626,20.31,GBP,card,web,0,ios,,NL,IE,DE,1,0,0,5,0,business.com,standard,0,0
PR000000150,1/3/2026,C001775,59,209,0,M000042,restaurants,0.24520252191468034,56.14,EUR,card,mobile_app,0,android,6a68f7b77fd5fa47,GB,SE,PL,1,0,,3,0,outlook.com,standard,0,0
PR000000151,1/3/2026,C000245,67,909,0,M000005,services,0.3782097183992255,38.69,EUR,card,web,0,macos,0dc5848b96291ea5,US,IE,PL,1,1,0,8,0,icloud.com,gift_cards,0,1
PR000000152,1/3/2026,C001206,19,3334,0,M000280,fashion,0.4826628348625833,13.11,EUR,card,web,0,ios,7b851ffcb4c58dce,DE,US,NL,1,0,1,6,0,gmail.com,standard,1,0
PR000000153,1/3/2026,C000152,40,3558,0,M000255,utilities,0.11062583359359184,7.13,EUR,wallet,pos,1,ios,,SE,FR,DE,1,0,1,3,0,yahoo.com,standard,0,0
PR000000154,1/3/2026,C001121,34,1869,0,M000275,marketplace,0.520529526,180.7,EUR,card,pos,0,windows,094fe40ad6f56250,IE,ES,IE,1,0,,0,0,gmail.com,standard,0,0
PR000000155,1/3/2026,C002032,37,1989,0,M000430,utilities,0.2693509980137096,57.29,EUR,card,web,0,android,15f02cd0211357fe,US,IE,FR,1,0,0,1,1,icloud.com,subscription,0,0
PR000000156,1/3/2026,C000581,59,607,0,M000320,electronics,,193.91,GBP,card,web,0,windows,0298014b010dd256,IE,IE,US,1,0,1,4,0,gmail.com,standard,1,1
PR000000157,1/3/2026,C001158,75,1070,0,M000432,electronics,0.4462332570159388,47.87,USD,card,in_app,0,android,59486fa4dcba5081,IE,FR,DE,1,0,1,5,0,business.com,standard,0,0
PR000000158,1/3/2026,C000711,57,3156,0,M000350,utilities,0.18384533101180786,18.21,EUR,card,mobile_app,0,android,7fd01a3da6a64f2c,IE,ES,IE,1,0,1,0,0,icloud.com,standard,0,0
PR000000159,1/3/2026,C001968,73,566,0,M000316,fashion,0.20305363477902766,36.18,EUR,card,mobile_app,0,macos,56ef9995e478b7ad,IE,DE,ES,1,0,0,1,0,proton.me,standard,0,0
PR000000160,1/4/2026,C001315,18,2111,0,M000118,electronics,,34.47,EUR,card,web,0,linux,,IE,FR,BR,1,0,0,1,0,yahoo.com,standard,0,0
PR000000161,1/4/2026,C000215,50,2871,0,M000317,marketplace,0.4134874050810069,14.36,GBP,card,web,0,windows,f9831ec4b59daa9a,FR,IT,SE,1,0,0,10,0,business.com,gift_cards,0,0
PR000000162,1/4/2026,C001034,77,2502,0,M000265,gaming,,16.45,EUR,card,mobile_app,0,ios,3344d319b6597d42,IT,FR,FR,1,0,1,1,0,gmail.com,standard,0,0
PR000000163,1/4/2026,C000626,33,3285,0,M000215,services,0.27927530467942197,10.9,EUR,card,mobile_app,0,android,bd1275854dd1f968,IE,GB,IE,1,0,0,3,0,outlook.com,gift_cards,0,0
PR000000164,1/4/2026,C002441,56,2430,0,M000017,electronics,0.5523425103947206,31.28,GBP,card,web,0,android,4dfeebe957a7f7f5,US,IE,NL,1,0,1,2,0,outlook.com,gift_cards,0,0
PR000000165,1/4/2026,C002492,74,1690,0,M000197,grocery,0.01,15.97,EUR,bank_transfer,pos,1,android,7ba135b8ca91387c,SE,PL,ES,1,0,,1,0,,standard,0,0
PR000000166,1/4/2026,C000333,24,3491,0,M000112,gaming,0.2269385607634829,39.49,EUR,card,mobile_app,0,android,1a5ba8b2fc9a2be7,IE,IE,IE,0,0,0,0,0,gmail.com,standard,0,0
PR000000167,1/4/2026,C001731,56,353,0,M000431,services,0.5074181023193557,92.68,GBP,card,mobile_app,0,windows,f025caa9aac21193,GB,GB,US,1,0,1,2,0,gmail.com,standard,0,0
PR000000168,1/4/2026,C002161,34,1169,0,M000265,restaurants,0.5122837672725462,160.37,EUR,bank_transfer,mobile_app,0,android,651bb20541e51989,PL,IE,BR,1,0,0,5,0,business.com,gift_cards,0,0
PR000000169,1/4/2026,C001073,51,3418,0,M000306,marketplace,0.4197099947710689,62.64,GBP,card,web,0,macos,56a2b39c9c7f692d,IE,IE,GB,1,0,1,3,0,gmail.com,gift_cards,0,0
PR000000170,1/4/2026,C001258,55,3152,0,M000048,grocery,0.18466306327484278,49.14,EUR,card,in_app,0,android,713c001e9f1f5de3,IE,IE,SE,1,0,0,2,0,icloud.com,standard,0,0
PR000000171,1/4/2026,C001677,70,460,1,M000032,marketplace,0.6337433257028399,11.34,GBP,card,web,0,macos,f56ad571acf7b9b2,IE,GB,US,1,1,2,6,0,business.com,standard,0,1
PR000000172,1/4/2026,C000804,24,3378,0,M000230,fashion,0.21834642360904521,216.8,EUR,card,mobile_app,0,ios,ae1fa0e5e8d32a24,PL,DE,IE,1,1,4,7,0,outlook.com,standard,1,1
PR000000173,1/4/2026,C001085,43,2509,0,M000151,marketplace,0.5224448681421566,85.4,GBP,card,web,0,macos,84b6617698e38a26,IE,IT,US,1,0,1,5,0,outlook.com,standard,0,0
PR000000174,1/4/2026,C001191,39,3044,0,M000279,grocery,0.15258861809441565,93.08,EUR,card,web,0,android,7596ce324ddcad3b,DE,IE,PL,1,1,5,5,0,proton.me,gift_cards,0,1
PR000000175,1/4/2026,C000338,28,3255,0,M000215,utilities,0.35457583739188897,22.83,EUR,card,web,0,macos,,NL,IT,IE,1,0,0,0,0,business.com,subscription,0,0
PR000000176,1/4/2026,C002407,71,1674,0,M000026,services,,136.94,EUR,card,mobile_app,0,windows,98ccc963ab3cbac4,NL,IE,US,1,0,1,0,0,proton.me,gift_cards,0,0
PR000000177,1/4/2026,C000995,28,2935,1,M000137,gaming,0.2934036469226619,26.12,GBP,card,web,0,android,,NL,IE,GB,1,0,1,3,1,outlook.com,standard,0,0
PR000000178,1/4/2026,C001482,59,1175,0,M000396,gaming,0.47003921354999856,6.23,USD,wallet,web,0,macos,,IE,DE,IE,1,0,0,1,0,icloud.com,standard,0,0
PR000000179,1/4/2026,C002178,21,4,1,M000082,restaurants,0.28398284992792544,33.36,EUR,card,web,0,macos,c0ea4537cce9c52f,GB,DE,IT,1,0,0,1,0,outlook.com,gift_cards,0,0
PR000000180,1/4/2026,C001533,41,3095,0,M000058,services,0.44324204108209414,57.45,EUR,card,web,0,android,a1ff1051c1e781dd,SE,DE,IE,1,0,0,3,0,yahoo.com,standard,0,0
PR000000181,1/4/2026,C001590,77,2534,1,M000253,grocery,0.2604754537070968,24.94,EUR,card,web,0,windows,1bde6368ca9d6648,FR,ES,IE,1,0,2,2,0,gmail.com,standard,0,0
PR000000182,1/4/2026,C000710,60,1840,0,M000145,electronics,0.556437227,66.28,EUR,card,web,0,android,f406431edd3e3f4c,US,IE,SE,1,0,1,6,0,gmail.com,subscription,0,0
PR000000183,1/4/2026,C001315,30,820,0,M000056,digital_goods,,97.9,EUR,card,web,0,android,1cddcabd798229a7,IE,GB,DE,1,1,1,10,0,gmail.com,standard,0,1
PR000000184,1/4/2026,C000348,41,3145,0,M000154,travel,0.7353117358735751,46.23,GBP,card,mobile_app,0,ios,9b84db2eea22995c,IE,IE,GB,1,0,1,3,0,proton.me,gift_cards,0,0
PR000000185,1/4/2026,C000470,52,1646,0,M000462,gaming,0.40818884034814784,130.58,EUR,card,web,0,ios,4972372b5a2a927d,FR,SE,DE,1,0,0,2,0,gmail.com,gift_cards,0,0
PR000000186,1/4/2026,C000169,27,2840,0,M000046,travel,0.5122175058962453,32.61,EUR,wallet,pos,1,ios,44781932d88ba6fb,GB,GB,IE,1,0,1,2,0,gmail.com,standard,0,0
PR000000187,1/4/2026,C001254,61,3051,0,M000187,electronics,,20.69,EUR,wallet,mobile_app,0,android,a231393cec1f5222,ES,GB,GB,1,0,0,2,0,gmail.com,standard,0,0
PR000000188,1/4/2026,C002001,55,2377,0,M000431,travel,0.7585833700396991,58.83,GBP,card,mobile_app,0,linux,603c95a906a2df1a,IT,IE,US,1,0,0,2,0,outlook.com,standard,0,0
PR000000189,1/4/2026,C001566,45,884,0,M000009,utilities,0.18499020942949196,53.67,EUR,card,mobile_app,0,macos,86becbb485910208,FR,GB,US,1,0,1,4,0,business.com,standard,0,0
PR000000190,1/4/2026,C000742,56,3487,0,M000397,health,0.18087052477984272,31.42,EUR,card,mobile_app,0,macos,,IT,IE,IE,1,0,0,3,0,outlook.com,standard,0,0
PR000000191,1/4/2026,C002147,30,1203,1,M000121,health,0.4949205306821447,54.27,USD,wallet,mobile_app,0,macos,d35b74687d71e168,IE,IE,ES,1,0,1,3,0,business.com,standard,0,0
PR000000192,1/4/2026,C000314,31,2925,0,M000007,grocery,0.2715117980234624,129.93,GBP,card,mobile_app,0,macos,995e3a8d59783a75,IE,GB,IT,1,0,0,3,0,yahoo.com,standard,0,0
PR000000193,1/4/2026,C000816,44,1997,0,M000088,services,0.44089553634071255,38.83,EUR,wallet,mobile_app,0,windows,62e97860bdb69486,PL,GB,IE,1,0,0,2,0,gmail.com,gift_cards,0,0
PR000000194,1/4/2026,C001013,45,2755,0,M000123,utilities,0.3398450344907099,71.44,USD,card,mobile_app,0,android,53b875cf2dd338cc,IE,IE,SE,1,0,0,1,0,business.com,standard,0,0
PR000000195,1/4/2026,C001770,22,3569,0,M000032,grocery,,73.38,USD,card,pos,0,android,863151cc4b923031,IE,IE,SE,1,0,0,5,0,gmail.com,standard,0,0
PR000000196,1/4/2026,C000069,27,21,0,M000175,fashion,0.3528470674816848,47.02,EUR,bank_transfer,web,0,android,63fd80cc37a12a50,US,FR,SE,1,0,2,2,0,yahoo.com,standard,0,0
PR000000197,1/4/2026,C000642,18,2331,0,M000079,electronics,,36.13,EUR,card,web,0,windows,b3d6d60986370939,IE,US,IE,1,1,0,13,0,gmail.com,standard,0,0
PR000000198,1/4/2026,C002544,72,1858,0,M000047,marketplace,0.6493960101374591,26.87,EUR,card,web,0,android,82c98d22f7b01d66,NL,PL,NL,1,0,0,3,0,outlook.com,standard,0,0
PR000000199,1/4/2026,C000359,44,2554,0,M000377,marketplace,0.510576939,43.83,EUR,card,web,0,windows,c45cb6bcb696c398,IE,GB,US,1,0,0,6,0,gmail.com,standard,0,0
PR000000200,1/4/2026,C000085,69,257,0,M000334,marketplace,0.39105279997665554,6.02,EUR,card,web,0,linux,,IE,ES,NL,1,0,0,1,0,business.com,standard,0,0
PR000000201,1/4/2026,C000170,46,3105,0,M000242,grocery,,153.68,USD,card,web,0,ios,494e8e701b73c4a9,ES,ES,GB,1,0,2,3,0,gmail.com,standard,0,1
PR000000202,1/4/2026,C001487,19,1521,0,M000148,electronics,0.6921840031730626,36.22,GBP,card,web,0,linux,af1f8a835e9fd092,FR,GB,SE,1,0,,4,0,outlook.com,standard,0,0
PR000000203,1/4/2026,C000371,20,2482,0,M000233,electronics,0.4352130293988165,43.52,EUR,card,web,0,macos,0873e19367788686,PL,IE,NL,1,0,0,2,0,yahoo.com,standard,0,0
PR000000204,1/4/2026,C000080,71,1046,0,M000275,gaming,0.5816688253514124,10.46,EUR,card,web,0,android,9e723c769e8e0fef,IE,IE,DE,1,0,1,3,0,proton.me,standard,0,0
PR000000205,1/4/2026,C000967,35,1342,1,M000174,services,0.30928833276122125,58.85,EUR,bank_transfer,web,0,android,c82e7b1f4f8f2e70,IE,FR,DE,1,0,0,7,0,icloud.com,gift_cards,0,0
PR000000206,1/4/2026,C000323,41,1467,1,M000317,gaming,0.5848767475665075,55.27,GBP,wallet,web,0,android,f40696f975ea955e,ES,DE,US,1,0,1,1,0,outlook.com,standard,0,0
PR000000207,1/5/2026,C001242,35,1871,0,M000250,marketplace,0.6406795466302878,11.83,EUR,card,web,0,android,aaa8e382822f7b40,DE,GB,GB,1,0,1,4,0,,standard,0,0
PR000000208,1/5/2026,C002384,52,436,1,M000144,fashion,0.3084518945973036,23.14,EUR,wallet,pos,1,android,0daede66c3d8fcff,FR,FR,US,1,0,1,2,0,outlook.com,standard,0,0
PR000000209,1/5/2026,C000703,21,1457,1,M000438,utilities,0.14889730962864625,109.3,GBP,card,mobile_app,0,android,5dde20be1bb45c33,GB,GB,DE,1,0,0,2,0,icloud.com,standard,0,0
PR000000210,1/5/2026,C001449,57,268,0,M000246,marketplace,0.6897637178810495,33.77,EUR,card,mobile_app,0,ios,d4faa5c1b76a3435,DE,GB,ES,1,0,0,2,0,yahoo.com,standard,0,0
PR000000211,1/5/2026,C000017,18,2141,0,M000112,marketplace,0.5366202096730777,138.34,EUR,card,mobile_app,0,ios,3edb80f9afd13cfd,IT,IE,IE,1,0,0,4,0,gmail.com,gift_cards,0,0
PR000000212,1/5/2026,C002340,59,1820,0,M000248,grocery,0.36978549341963246,36.21,EUR,wallet,mobile_app,0,android,b21e4076a7345898,US,NL,PL,1,0,0,1,0,gmail.com,standard,0,0
PR000000213,1/5/2026,C001283,31,1939,0,M000401,marketplace,0.4701664534545905,12,EUR,bank_transfer,pos,1,android,ca53b067344bc46e,GB,IE,GB,1,0,0,4,0,outlook.com,standard,0,0
PR000000214,1/5/2026,C002205,36,2399,0,M000444,marketplace,0.6047902287084892,25.55,EUR,card,web,0,macos,033ad74bbdeb6435,NL,IT,US,1,0,0,1,0,proton.me,gift_cards,0,0
PR000000215,1/5/2026,C001431,56,1175,0,M000035,digital_goods,,29.53,EUR,card,web,0,ios,1a8024ad9777d1a6,GB,ES,SE,1,0,2,1,0,gmail.com,standard,0,0
PR000000216,1/5/2026,C000669,66,788,0,M000085,grocery,0.21424860212937957,34.31,EUR,card,web,0,android,ffced0ff28f04a9e,IE,IE,DE,1,0,0,3,0,proton.me,standard,0,0
PR000000217,1/5/2026,C002502,70,3040,0,M000297,restaurants,,22.75,EUR,card,mobile_app,0,ios,1650d8c46237062e,ES,FR,PL,1,0,1,0,0,,standard,0,0
PR000000218,1/5/2026,C000781,79,3279,0,M000307,utilities,0.4407815964753451,31.16,EUR,card,mobile_app,0,ios,aa642f8cd1ae1300,PL,GB,GB,1,0,0,2,1,gmail.com,standard,0,0
PR000000219,1/5/2026,C000211,35,3510,0,M000060,electronics,0.3016297863396427,16.81,USD,card,web,0,ios,1093a65340cb58c2,IE,IE,US,1,0,0,3,0,business.com,gift_cards,0,0
PR000000220,1/5/2026,C001652,50,2679,0,M000017,telecoms,0.11473586891118859,65.07,EUR,card,mobile_app,0,android,36567b9103d419b4,IT,DE,FR,1,0,1,2,0,business.com,standard,0,0
PR000000221,1/5/2026,C000322,65,792,0,M000268,telecoms,0.4062995821378487,44.86,EUR,bank_transfer,mobile_app,0,ios,139f7a6d74402e0c,ES,PL,IE,1,0,0,1,0,gmail.com,standard,0,0
PR000000222,1/5/2026,C001361,61,3343,0,M000452,travel,0.6768703200209855,54.22,EUR,card,web,0,macos,d7e93f9b4c7209e4,GB,FR,FR,1,0,2,2,0,gmail.com,gift_cards,0,0
PR000000223,1/5/2026,C002178,78,1129,0,M000048,electronics,0.5471028788280331,188.02,EUR,wallet,mobile_app,0,ios,2a7a78b2d7c65344,FR,IE,DE,1,0,1,3,0,gmail.com,standard,0,1
PR000000224,1/5/2026,C002006,71,2541,0,M000366,utilities,0.091154529,30.28,EUR,bank_transfer,mobile_app,0,ios,,US,US,DE,1,0,0,4,0,business.com,standard,0,0
PR000000225,1/5/2026,C002181,20,2356,0,M000189,telecoms,,22.61,EUR,bank_transfer,web,0,ios,e5f086cc6eaefc41,SE,IT,GB,1,0,1,7,0,gmail.com,standard,0,0
PR000000226,1/5/2026,C001890,40,1456,0,M000389,travel,0.6265848137930586,34.74,EUR,card,in_app,1,android,fedb16036e9310a2,GB,IE,ES,1,0,,1,1,gmail.com,standard,0,0
PR000000227,1/5/2026,C000115,75,2546,0,M000386,restaurants,0.19299790406473866,86.49,GBP,card,web,0,android,2cb8023265495933,IE,GB,US,1,0,0,0,0,outlook.com,standard,0,0
PR000000228,1/5/2026,C001031,35,746,0,M000422,services,0.3091230628424481,31.08,GBP,card,in_app,0,ios,3ea73ec3b65f3c48,US,GB,US,1,0,0,2,0,outlook.com,standard,0,0
PR000000229,1/5/2026,C000611,66,2949,0,M000022,restaurants,0.3503349392603274,39.65,EUR,card,web,0,android,a9657d3f28904eb8,IE,IE,DE,1,0,0,1,0,gmail.com,standard,0,0
PR000000230,1/5/2026,C000403,41,2506,0,M000193,grocery,0.37568442774768857,111.67,EUR,card,web,0,ios,,IE,FR,ES,1,0,1,4,0,icloud.com,standard,0,0
PR000000231,1/5/2026,C001182,48,1291,0,M000086,electronics,0.4303751337208284,39.26,EUR,card,web,0,macos,0e5033610311b0de,GB,GB,FR,1,1,0,5,0,student.edu,standard,0,0
PR000000232,1/5/2026,C002386,32,440,0,M000236,restaurants,0.20578683979577872,87.27,EUR,card,web,0,android,bac6595d64adca59,IE,PL,PL,1,1,2,2,0,gmail.com,gift_cards,0,1
PR000000233,1/5/2026,C000036,25,1992,0,M000250,digital_goods,0.678860827,38.13,EUR,card,web,0,android,238be1b8bb897268,US,GB,BR,1,0,0,1,0,business.com,standard,1,0
PR000000234,1/5/2026,C000922,41,1496,0,M000014,health,0.353973556,55.76,USD,card,web,0,android,e14eb2933e3a62cd,GB,IE,IE,1,0,1,1,0,gmail.com,standard,0,0
PR000000235,1/5/2026,C001558,74,1333,0,M000157,marketplace,0.5399358152976235,12.03,EUR,bank_transfer,web,0,linux,,PL,IE,IE,1,0,2,1,0,business.com,standard,0,0
PR000000236,1/5/2026,C000609,57,2025,0,M000012,marketplace,0.4603122933980515,92.66,EUR,wallet,mobile_app,0,macos,f851146f363136e0,US,FR,BR,1,0,0,2,0,business.com,standard,0,0
PR000000237,1/5/2026,C000996,27,1758,0,M000149,telecoms,0.27035947109817926,55.91,EUR,card,mobile_app,0,ios,,IE,SE,GB,1,0,0,1,0,student.edu,standard,0,0
PR000000238,1/5/2026,C000397,52,2863,0,M000105,marketplace,0.5734468220904335,11.59,GBP,card,in_app,0,ios,05f8fb9bfbeb36d7,PL,PL,NL,1,0,0,1,0,student.edu,standard,0,0
PR000000239,1/5/2026,C001442,68,2569,0,M000469,digital_goods,0.5084059635924305,14.36,EUR,card,mobile_app,0,macos,f4a132c06f3bab9d,PL,GB,US,1,0,0,3,0,outlook.com,gift_cards,0,0
PR000000240,1/5/2026,C002585,69,2249,0,M000347,services,0.5796102221551447,54.54,EUR,bank_transfer,mobile_app,0,android,609c9c3740f009d7,NL,IT,IE,1,0,1,3,0,,standard,0,0
PR000000241,1/5/2026,C000022,54,675,0,M000140,marketplace,0.5516731381065174,17.42,EUR,card,web,0,windows,af6afb84ac6e2218,GB,IE,US,1,0,0,3,0,,subscription,0,0
PR000000242,1/5/2026,C001156,41,10,0,M000297,electronics,0.588038152,108.12,USD,wallet,web,0,ios,4c77e78234365e74,IE,GB,US,1,0,0,3,0,icloud.com,gift_cards,0,0
PR000000243,1/5/2026,C000503,18,2607,0,M000401,services,0.538915778,168.35,GBP,card,web,0,ios,936f814a46c984ae,FR,PL,FR,1,0,1,1,0,student.edu,standard,0,0
PR000000244,1/5/2026,C001411,79,66,0,M000241,restaurants,0.1456648771201047,100.49,EUR,card,pos,1,windows,2561d31ef147bf97,GB,DE,FR,1,0,0,2,0,business.com,standard,0,0
PR000000245,1/5/2026,C000009,73,1728,0,M000143,electronics,0.37363423943712265,66.19,EUR,bank_transfer,web,0,android,,DE,IE,IT,1,0,0,0,0,business.com,standard,0,0
PR000000246,1/5/2026,C001916,44,1691,0,M000370,restaurants,,28.39,EUR,card,mobile_app,0,linux,7f50ff2f7af1109c,DE,US,GB,1,0,0,2,0,gmail.com,subscription,0,0
PR000000247,1/5/2026,C001574,30,3133,0,M000250,marketplace,0.5708826115390158,35.36,EUR,card,mobile_app,0,android,e3edcbccd5042a72,IE,FR,IE,1,0,1,2,0,gmail.com,standard,0,0
PR000000248,1/5/2026,C000782,52,2885,0,M000410,gaming,0.37563406139343725,59.62,USD,card,web,0,linux,8772560a8a7861d8,PL,IE,IE,1,0,1,1,0,business.com,standard,0,0
PR000000249,1/5/2026,C002260,37,3244,0,M000031,restaurants,0.41077434398134705,17.3,EUR,card,web,0,ios,de72189bc79f95cc,NL,DE,IE,1,0,0,1,0,gmail.com,standard,0,0
PR000000250,1/6/2026,C000749,61,3236,0,M000148,telecoms,0.2755362264037641,27.34,EUR,bank_transfer,mobile_app,0,android,e8033c5131f64b2e,GB,IE,GB,1,0,1,0,0,gmail.com,standard,0,0
PR000000251,1/6/2026,C001138,37,2468,0,M000008,grocery,0.21018441164628462,27.25,EUR,card,web,0,ios,6cc2f5eec372a782,GB,IE,IE,1,0,2,4,1,yahoo.com,standard,0,0
PR000000252,1/6/2026,C000804,57,2025,0,M000041,grocery,0.26625389571899216,9.56,EUR,card,web,0,linux,a77cd444fb798d5c,FR,DE,GB,1,0,0,1,0,student.edu,gift_cards,0,0
PR000000253,1/6/2026,C001599,69,1724,0,M000297,grocery,,38.34,GBP,card,web,0,ios,7dbf3c025489cbd3,DE,FR,IT,1,0,1,5,0,student.edu,standard,0,0
PR000000254,1/6/2026,C000720,32,1796,0,M000166,fashion,0.42534674180914334,29.39,EUR,card,mobile_app,0,ios,bdc6423b233f7074,IE,IE,IE,0,0,0,4,0,yahoo.com,standard,0,0
PR000000255,1/6/2026,C001309,75,2660,0,M000280,fashion,0.22998564275427372,24.83,EUR,card,web,0,android,27de3a98170b58fb,IE,SE,PL,1,0,2,3,0,outlook.com,standard,0,0
PR000000256,1/6/2026,C001784,62,1626,0,M000176,fashion,0.4709314765430719,38.91,USD,bank_transfer,web,0,android,47bbd09f4f0b798f,IE,IE,IE,0,1,1,6,0,yahoo.com,standard,0,0
PR000000257,1/6/2026,C001693,49,208,0,M000302,restaurants,0.308642815,33.91,EUR,card,web,0,ios,9527b249060f6746,IE,IE,IE,0,0,2,1,0,gmail.com,standard,0,0
PR000000258,1/6/2026,C001711,41,2473,0,M000371,restaurants,0.3494368062875026,25.4,EUR,card,web,0,ios,859881b218119ec3,FR,GB,IE,1,0,1,2,0,gmail.com,standard,0,0
PR000000259,1/6/2026,C000467,68,775,0,M000374,grocery,0.17895495743622541,79.5,EUR,card,pos,1,windows,14c4678cc31bd2f2,IE,US,IE,1,1,2,4,0,yahoo.com,standard,0,1
PR000000260,1/6/2026,C001896,59,64,0,M000280,digital_goods,0.4577077284353947,77.57,EUR,card,web,0,android,e03e453e1504327a,DE,NL,NL,1,0,0,0,0,icloud.com,standard,0,0
PR000000261,1/6/2026,C001561,18,2913,0,M000373,digital_goods,,42.65,EUR,card,web,0,ios,f3b966aedd2f2da3,IE,IE,GB,1,0,2,2,0,gmail.com,standard,0,0
PR000000262,1/6/2026,C002238,32,2097,1,M000226,services,0.4155865036225994,37.06,EUR,card,web,0,ios,bec58ba014b6217b,IT,US,IE,1,1,0,8,1,outlook.com,standard,0,0
PR000000263,1/6/2026,C002461,46,3294,0,M000077,health,0.4099623349305639,49.89,EUR,card,web,0,android,b402f8a72cca45fd,FR,IE,IE,1,0,0,1,0,outlook.com,standard,0,0
PR000000264,1/6/2026,C002087,40,22,0,M000003,grocery,0.1182564521706202,26.77,GBP,card,web,0,ios,8cfcb507c07e8647,GB,IE,GB,1,1,0,6,0,gmail.com,standard,0,0
PR000000265,1/6/2026,C000492,66,2482,0,M000030,digital_goods,0.4981215736476235,39.63,EUR,card,web,0,android,bd5808d300cbfe97,IE,IE,IE,0,0,1,3,0,business.com,subscription,0,0
PR000000266,1/6/2026,C000741,21,3012,0,M000016,marketplace,0.401675528,125.86,GBP,card,web,0,ios,65aac32f47818d5d,IE,DE,FR,1,0,0,5,0,yahoo.com,subscription,0,0
PR000000267,1/6/2026,C000154,62,268,0,M000196,electronics,0.529018267,47.11,EUR,card,web,0,linux,52ec6770ba2625ce,PL,FR,IE,1,1,3,9,0,proton.me,standard,0,1
PR000000268,1/6/2026,C002053,48,3304,0,M000251,services,,85.04,EUR,card,mobile_app,0,ios,727bf6a805a89730,GB,FR,ES,1,0,2,4,0,business.com,standard,0,0
PR000000269,1/6/2026,C001211,66,2891,0,M000280,travel,0.6794729952229828,35.59,EUR,card,pos,1,ios,2ff70d574166c60e,IE,IE,IE,0,0,0,0,0,gmail.com,standard,0,0
PR000000270,1/6/2026,C000256,50,616,0,M000142,restaurants,0.10837393687843838,66.25,EUR,card,web,0,android,17061f7350d929ec,DE,GB,US,1,0,1,3,0,gmail.com,standard,0,0
PR000000271,1/6/2026,C001560,79,1267,0,M000223,travel,,55.55,USD,card,web,0,android,,IE,ES,US,1,0,0,3,0,outlook.com,standard,0,0
PR000000272,1/6/2026,C001340,42,2115,0,M000391,grocery,0.25655699081141387,31.19,EUR,card,pos,1,macos,8e3c5654576e314e,ES,FR,PL,1,0,0,2,0,gmail.com,standard,0,0
PR000000273,1/6/2026,C002177,18,274,0,M000347,travel,0.4080636483931839,35.65,EUR,card,mobile_app,0,macos,bb04bd2ad1a5f124,IE,IE,IE,0,0,1,1,0,outlook.com,standard,0,0
PR000000274,1/6/2026,C002466,43,1890,0,M000081,health,0.2125279067282737,22.15,EUR,wallet,pos,0,ios,fcb8effe8adc6084,IE,NL,GB,1,0,0,2,0,business.com,standard,0,0
PR000000275,1/6/2026,C001010,21,769,0,M000065,health,0.2206663859277328,98.1,EUR,card,mobile_app,0,android,7edfe266583deb19,IE,FR,IE,1,0,0,2,0,gmail.com,gift_cards,0,0
PR000000276,1/6/2026,C001429,19,3217,0,M000205,electronics,0.6006798551889342,62.06,EUR,wallet,mobile_app,0,ios,9549c2a99fd7b23e,GB,US,IE,1,0,0,1,0,gmail.com,standard,0,0
PR000000277,1/6/2026,C002099,53,1977,1,M000479,restaurants,0.4801959740163184,29.32,EUR,card,mobile_app,0,windows,13389e4ff7ccb57e,FR,GB,IE,1,0,0,1,0,gmail.com,subscription,0,0
PR000000278,1/6/2026,C001980,19,3146,0,M000152,utilities,0.18026854424622385,26.64,EUR,card,mobile_app,0,linux,f8f4e73d706f4058,ES,ES,DE,1,0,0,2,0,proton.me,standard,0,0
PR000000279,1/6/2026,C001043,36,263,0,M000257,services,0.5101574783747603,94.03,GBP,wallet,web,0,android,e35b9e1fccf1536e,DE,IE,FR,1,0,1,1,0,gmail.com,gift_cards,0,0
PR000000280,1/6/2026,C001643,34,3394,0,M000232,gaming,0.603109505,111.47,GBP,card,mobile_app,0,android,a08516176f037f9e,DE,IE,GB,1,0,0,2,1,student.edu,standard,0,0
PR000000281,1/6/2026,C000155,70,1632,0,M000336,restaurants,0.5203668707201325,19.38,GBP,card,web,0,android,aeaf1a562a46b8ae,IE,IE,NL,1,0,0,4,0,outlook.com,gift_cards,0,0
PR000000282,1/6/2026,C002233,47,3365,0,M000361,digital_goods,0.568080368,42.09,EUR,card,web,0,android,40d3f8b967908c6f,US,IE,IE,1,0,1,2,0,icloud.com,standard,0,0
PR000000283,1/6/2026,C000811,73,2385,0,M000372,utilities,0.2821717442855135,30.19,EUR,card,pos,1,ios,6b7cf7a2478e1293,NL,IE,FR,1,0,0,1,0,gmail.com,standard,0,0
PR000000284,1/6/2026,C001070,29,2443,0,M000115,grocery,0.31418394131704863,14.66,EUR,card,mobile_app,0,ios,13880c4ab565b257,US,IE,DE,1,0,0,3,0,outlook.com,standard,0,0
PR000000285,1/6/2026,C000084,70,2394,0,M000249,gaming,0.5633744568635919,46.98,EUR,card,pos,1,ios,d1697d7e5c5b059e,IE,IE,DE,1,0,0,2,0,business.com,standard,0,0
PR000000286,1/6/2026,C000699,29,2945,0,M000048,health,0.5228902230153682,28.43,EUR,card,mobile_app,0,ios,6b209cbaeb713677,GB,PL,IT,1,0,0,2,0,business.com,standard,0,0
PR000000287,1/6/2026,C001415,66,709,0,M000215,marketplace,0.4879387185009407,14.19,GBP,card,mobile_app,0,android,0de1df18d22c6e82,PL,FR,ES,1,0,0,1,0,outlook.com,standard,0,0
PR000000288,1/6/2026,C000021,52,3488,0,M000192,restaurants,0.31102236,24.33,EUR,bank_transfer,web,0,android,89c29beb1505c441,US,DE,US,1,0,2,3,0,gmail.com,standard,0,0
PR000000289,1/6/2026,C000262,73,385,0,M000305,services,0.3114742864081011,56.23,USD,card,mobile_app,0,windows,,IT,FR,DE,1,0,1,1,0,outlook.com,standard,0,0
PR000000290,1/6/2026,C001307,78,63,0,M000153,marketplace,0.4291691304612162,31.08,EUR,card,web,0,ios,9eb86fdbedd85188,IE,IE,IT,1,0,0,4,0,gmail.com,standard,0,0
PR000000291,1/7/2026,C002227,26,1751,0,M000410,digital_goods,0.5319853634329704,28.17,GBP,card,web,0,android,4c23807af8c731e2,GB,IE,ES,1,0,0,2,0,gmail.com,standard,0,0
PR000000292,1/7/2026,C000532,28,3121,0,M000464,gaming,0.3560739832721095,24.53,EUR,bank_transfer,mobile_app,0,android,9295d559b85d2178,GB,SE,US,1,0,0,1,0,business.com,standard,0,0
PR000000293,1/7/2026,C001100,30,2054,0,M000041,marketplace,0.5953094420694773,54.11,EUR,card,web,0,linux,15a30b0056206189,GB,IE,US,1,0,2,1,0,gmail.com,standard,0,0
PR000000294,1/7/2026,C002008,60,1066,0,M000375,utilities,0.1350811244667566,30.68,GBP,card,mobile_app,0,android,dc2f70e9a7598452,ES,ES,BR,1,0,1,4,0,gmail.com,standard,0,0
PR000000295,1/7/2026,C002227,64,474,0,M000248,marketplace,0.714513315,19.06,GBP,card,web,0,macos,c8a4f626313d4e5d,GB,DE,GB,1,0,0,4,0,student.edu,standard,1,0
PR000000296,1/7/2026,C001798,29,1569,1,M000142,restaurants,0.32159612769546647,16.93,EUR,card,mobile_app,0,android,a8aaccd41167f9a0,FR,FR,SE,1,0,0,2,1,gmail.com,standard,0,0
PR000000297,1/7/2026,C001233,35,3602,0,M000187,services,0.2754094595581384,66.29,GBP,wallet,mobile_app,0,android,fade56770c524050,NL,IE,GB,1,0,0,2,0,business.com,subscription,0,0
PR000000298,1/7/2026,C001257,22,3084,0,M000310,marketplace,0.527032881,65.28,EUR,card,mobile_app,0,ios,,IE,GB,SE,1,0,1,3,0,business.com,standard,0,0
PR000000299,1/7/2026,C001655,23,589,0,M000293,digital_goods,0.6578551545149477,47.55,EUR,card,web,0,ios,d5dd412231b9d788,ES,PL,PL,1,0,1,0,0,gmail.com,gift_cards,0,0
PR000000300,1/7/2026,C001327,26,466,0,M000137,gaming,0.5175905136603615,41.48,EUR,card,pos,1,android,,DE,DE,US,1,0,1,2,0,gmail.com,standard,1,0
PR000000301,1/7/2026,C001974,42,2867,0,M000467,gaming,0.5308093776131623,96.13,EUR,card,mobile_app,0,android,0ada5030ff2c3fa6,IT,DE,GB,1,0,0,1,0,icloud.com,standard,0,0
PR000000302,1/7/2026,C001296,18,500,0,M000066,telecoms,,10.32,GBP,bank_transfer,web,0,android,8b8080eccd38550c,GB,PL,ES,1,0,2,1,0,icloud.com,gift_cards,0,0
PR000000303,1/7/2026,C000818,76,1435,0,M000285,fashion,0.345394699,53.41,EUR,card,web,0,ios,3333cae5d069a5fe,IE,ES,IT,1,0,0,5,0,gmail.com,standard,0,0
PR000000304,1/7/2026,C000601,29,68,0,M000330,marketplace,0.5966897636801004,42.56,EUR,wallet,web,0,android,c690365e5799f5df,ES,SE,SE,1,0,0,4,0,gmail.com,standard,0,0
PR000000305,1/7/2026,C000284,73,448,0,M000329,health,0.5126605606756205,45.91,EUR,card,web,0,macos,aaf2d96a893d4bc0,PL,IT,FR,1,0,0,1,0,proton.me,standard,0,0
PR000000306,1/7/2026,C001249,75,2178,0,M000030,marketplace,0.4637666828709526,18.27,USD,card,web,0,ios,56e7ff3d7188f7de,US,GB,PL,1,0,0,1,0,student.edu,gift_cards,0,0
PR000000307,1/7/2026,C000071,65,2856,0,M000294,marketplace,0.6412371655927238,92.63,EUR,wallet,web,0,ios,e71c5759b5f06e79,FR,GB,US,1,0,0,5,0,outlook.com,standard,0,0
PR000000308,1/7/2026,C000246,38,2667,0,M000185,fashion,0.35335348230935826,73.87,GBP,wallet,mobile_app,0,ios,ff1487a708e348cc,IE,IE,IT,1,0,0,5,1,icloud.com,standard,0,0
PR000000309,1/7/2026,C002079,59,1504,0,M000377,electronics,0.5332607686337977,60.05,GBP,card,mobile_app,0,macos,6ee19acef7ea1635,DE,NL,GB,1,0,0,2,0,business.com,subscription,0,0
PR000000310,1/7/2026,C001840,39,271,0,M000149,travel,0.6741290810944237,13.41,GBP,card,web,0,windows,a589f27f037b9609,IE,IE,IE,0,0,0,3,0,business.com,gift_cards,0,0
PR000000311,1/7/2026,C001872,43,13,0,M000053,marketplace,0.43842951132390434,90.29,EUR,card,pos,1,ios,eea6e3adecd89f74,FR,IE,IE,1,0,2,1,0,outlook.com,standard,0,0
PR000000312,1/7/2026,C000933,51,3568,0,M000286,digital_goods,0.6460414632277702,71.73,EUR,card,web,0,android,fdc3916629ccab63,SE,IE,GB,1,0,2,4,0,student.edu,standard,0,0
PR000000313,1/7/2026,C002358,48,3547,0,M000351,telecoms,0.4595783895776608,18.85,EUR,card,pos,1,windows,,IE,US,US,1,0,0,3,0,outlook.com,subscription,0,0
PR000000314,1/7/2026,C001869,29,1428,0,M000406,telecoms,0.37450283066828444,31.9,EUR,card,pos,0,android,eadc79c3784ad9de,IE,FR,IE,1,0,1,2,0,gmail.com,gift_cards,0,0
PR000000315,1/7/2026,C000485,47,1751,0,M000079,digital_goods,0.4232859844418746,74.16,EUR,card,web,0,android,,IE,IE,IE,0,1,1,10,0,gmail.com,standard,0,0
PR000000316,1/7/2026,C000102,18,861,0,M000042,health,0.17481046499655228,27.87,EUR,bank_transfer,pos,1,android,ec9bdc92dd77631d,GB,GB,IT,1,1,1,4,0,yahoo.com,standard,0,0
PR000000317,1/7/2026,C002427,34,3299,0,M000263,grocery,0.2677535749937435,36.75,GBP,bank_transfer,pos,1,android,f3e11807f0655e61,IE,FR,IE,1,0,0,6,0,outlook.com,standard,0,0
PR000000318,1/7/2026,C000465,43,2297,0,M000467,fashion,,78.42,EUR,card,web,0,android,67f272ac8031401d,IE,IT,FR,1,0,0,3,0,yahoo.com,standard,0,0
PR000000319,1/7/2026,C000334,21,1127,0,M000290,fashion,,85.89,EUR,card,pos,1,macos,0b7b6c1f36f24c56,ES,DE,ES,1,0,0,2,1,student.edu,gift_cards,0,0
PR000000320,1/7/2026,C001411,68,385,0,M000146,telecoms,0.4809306809573118,42.24,EUR,bank_transfer,pos,1,android,1db81282cf5a4cb3,IE,IT,NL,1,0,0,3,0,gmail.com,standard,0,0
PR000000321,1/7/2026,C000950,38,693,0,M000270,marketplace,0.30659031346298066,22.23,EUR,card,web,0,ios,655bbf2ebb7bd813,US,NL,DE,1,0,0,5,0,outlook.com,standard,0,0
PR000000322,1/7/2026,C000705,50,515,0,M000389,digital_goods,,22.31,GBP,bank_transfer,mobile_app,0,linux,a1c79f9552f3982a,IE,GB,US,1,0,0,0,0,yahoo.com,standard,0,0
PR000000323,1/7/2026,C002546,28,2237,0,M000473,electronics,0.7424189414780786,45.78,EUR,card,web,0,windows,3e1cbf3e24d3b7dc,IT,GB,IE,1,0,2,4,0,gmail.com,standard,0,0
PR000000324,1/7/2026,C001311,55,3342,0,M000405,electronics,0.6933622763673993,139.88,EUR,card,mobile_app,0,android,,ES,FR,FR,1,0,0,2,0,outlook.com,standard,0,0
PR000000325,1/7/2026,C000768,50,1547,0,M000352,travel,0.6878907869886736,19.72,EUR,card,web,0,android,,IE,IT,GB,1,0,0,2,0,outlook.com,standard,0,0
PR000000326,1/7/2026,C002221,74,842,0,M000450,services,0.39681789346162466,15.04,GBP,card,mobile_app,0,android,fa75cf05bb2db21b,IT,IE,BR,1,0,0,0,0,outlook.com,standard,0,0
PR000000327,1/7/2026,C000951,30,1095,1,M000463,health,0.2714419529237636,14.7,USD,wallet,web,0,macos,,NL,IE,FR,1,0,0,2,0,proton.me,gift_cards,0,0
PR000000328,1/7/2026,C002142,39,1444,0,M000217,health,0.3601409062583733,25.22,EUR,card,pos,1,android,59cd8ea1ecb0d707,DE,GB,GB,1,0,0,1,0,outlook.com,standard,0,0
PR000000329,1/7/2026,C002324,75,3196,0,M000040,electronics,0.43596927936009433,114.92,EUR,card,mobile_app,0,android,,PL,IE,IE,1,1,1,8,0,proton.me,standard,0,1
PR000000330,1/7/2026,C000797,39,1636,0,M000283,marketplace,,21.27,USD,bank_transfer,pos,1,android,4ce97dcb3e3c586d,PL,IE,BR,1,0,0,2,0,outlook.com,standard,0,0
PR000000331,1/7/2026,C001171,47,1511,0,M000266,grocery,0.2732401018402372,22.12,EUR,card,pos,1,macos,d6a92fd9cb0efc5f,DE,IE,GB,1,0,2,3,0,gmail.com,standard,0,0
PR000000332,1/7/2026,C001247,25,2072,0,M000118,marketplace,0.6147527974080703,77.71,GBP,card,web,0,android,cd32d3ca9ab3a19b,PL,ES,SE,1,0,1,3,0,gmail.com,standard,0,0
PR000000333,1/7/2026,C001638,57,1239,1,M000428,telecoms,0.2694460839200782,32.05,EUR,card,pos,1,android,c1e4bec09d488111,ES,PL,GB,1,0,0,1,0,gmail.com,standard,0,0
PR000000334,1/7/2026,C002416,32,2431,0,M000193,utilities,0.18621804995288926,12.1,EUR,bank_transfer,web,0,android,,GB,FR,IE,1,0,1,2,0,gmail.com,standard,0,0
PR000000335,1/7/2026,C001894,26,3533,0,M000089,health,,98.49,EUR,card,web,0,ios,401524635ad47aaa,GB,GB,IE,1,0,1,2,0,proton.me,standard,0,0
PR000000336,1/7/2026,C001659,76,393,0,M000242,restaurants,0.27395314500826523,100.86,EUR,card,mobile_app,0,android,4c7cd2ddf813f860,FR,FR,IE,1,0,0,5,0,proton.me,standard,0,0
PR000000337,1/7/2026,C000639,65,2438,0,M000380,marketplace,0.47219068202564485,26.58,USD,card,pos,0,macos,14910412daf1e1c8,GB,NL,IT,1,0,0,3,0,icloud.com,standard,0,0
PR000000338,1/7/2026,C000202,56,2955,0,M000018,restaurants,0.23976714553669579,163.46,EUR,card,web,0,ios,f2e6439374fde3c0,GB,FR,FR,1,0,0,4,0,gmail.com,subscription,0,0
PR000000339,1/7/2026,C001441,65,657,0,M000012,utilities,0.2693561104953982,22.38,USD,card,pos,1,ios,d16b12cd18a21789,ES,NL,IT,1,0,2,0,0,proton.me,standard,0,0
PR000000340,1/7/2026,C002349,58,1328,0,M000456,utilities,0.32374601482996707,25.34,USD,card,pos,1,android,fa3a22736b04646b,IE,IE,FR,1,0,0,1,0,outlook.com,standard,0,0
PR000000341,1/8/2026,C001393,30,369,0,M000388,services,0.1490744294930589,29.65,EUR,bank_transfer,in_app,0,android,9540c04b083bbfd5,DE,IE,US,1,0,0,1,0,gmail.com,standard,0,0
PR000000342,1/8/2026,C001567,34,2447,0,M000113,utilities,0.021066415334226124,47.49,EUR,card,web,0,windows,46170dc94242d853,GB,IE,DE,1,0,1,5,0,gmail.com,standard,0,0
PR000000343,1/8/2026,C002229,56,1520,0,M000001,electronics,0.7406046456301871,44.86,EUR,wallet,in_app,0,android,,IE,GB,US,1,0,0,4,0,gmail.com,standard,0,0
PR000000344,1/8/2026,C000585,39,2871,0,M000304,digital_goods,0.7309788622602814,32.53,EUR,card,mobile_app,0,ios,219b4a079cefe01d,FR,IE,DE,1,0,1,1,0,business.com,gift_cards,0,0
PR000000345,1/8/2026,C000870,23,2236,1,M000126,utilities,0.09916346,43.1,EUR,card,web,0,macos,e9501a47c09f8563,FR,US,FR,1,0,0,3,0,,standard,0,0
PR000000346,1/8/2026,C002222,39,3505,0,M000105,marketplace,0.5407887368890468,42.7,EUR,card,mobile_app,0,android,702850a9b7bb8991,NL,FR,IE,1,0,0,0,0,outlook.com,standard,0,0
PR000000347,1/8/2026,C000846,45,3127,0,M000113,grocery,0.10552315146854516,16.2,EUR,card,web,0,android,5fea323ed5d2e44c,IE,FR,PL,1,0,0,,0,icloud.com,standard,0,0
PR000000348,1/8/2026,C000944,63,2267,0,M000427,travel,0.5013593385683695,71.94,GBP,wallet,pos,1,ios,268ed680936a53a7,IE,NL,ES,1,0,1,1,0,outlook.com,standard,0,0
PR000000349,1/8/2026,C001818,75,1061,0,M000299,travel,0.6720026261820006,92.15,EUR,card,web,0,android,deb0fa71fd1f22e2,IE,IE,GB,1,0,1,2,0,gmail.com,gift_cards,0,0
PR000000350,1/8/2026,C000893,62,642,0,M000129,utilities,0.38299047121976226,23.85,EUR,card,pos,1,ios,85bfbd0365002fcc,FR,ES,IE,1,0,2,3,0,gmail.com,standard,0,0
PR000000351,1/8/2026,C002521,18,3303,0,M000388,health,0.2934258669085444,13.56,EUR,card,pos,1,ios,2e832421b964e745,IE,IE,IE,0,1,1,3,0,gmail.com,standard,0,0
PR000000352,1/8/2026,C000430,46,1475,0,M000002,telecoms,0.29871929640133854,70.47,EUR,wallet,web,0,windows,8e9a4f090a793366,DE,GB,ES,1,0,1,7,0,gmail.com,standard,0,0
PR000000353,1/8/2026,C001689,40,2842,0,M000227,electronics,0.5738059953370819,9.09,EUR,card,mobile_app,0,android,b8860dc04e62417e,GB,NL,IE,1,0,0,0,0,yahoo.com,gift_cards,0,0
PR000000354,1/8/2026,C000029,50,2491,0,M000025,utilities,0.15558617975325698,18.39,USD,wallet,web,0,windows,274b1fa2eb1f00f3,ES,GB,GB,1,0,1,4,1,gmail.com,standard,0,0
PR000000355,1/8/2026,C001142,54,1748,1,M000063,utilities,,83.01,EUR,card,mobile_app,0,windows,,IE,US,IE,1,0,0,0,0,icloud.com,standard,0,0
PR000000356,1/8/2026,C000185,66,1794,0,M000449,electronics,0.4252866997297523,78.02,EUR,card,mobile_app,0,ios,81c742c09e8e627d,GB,ES,US,1,0,0,1,0,outlook.com,standard,0,0
PR000000357,1/8/2026,C002416,62,1319,0,M000276,fashion,0.27457549961849137,8.96,USD,bank_transfer,web,0,macos,ef1fddb923c878d8,NL,IE,SE,1,0,0,4,0,proton.me,gift_cards,0,0
PR000000358,1/8/2026,C001270,71,358,0,M000255,grocery,0.29448574988979215,74.95,EUR,card,pos,1,ios,1c258dead3e3fca0,IE,IE,FR,1,0,0,,0,proton.me,standard,0,0
PR000000359,1/8/2026,C002396,50,1378,0,M000250,electronics,0.428505854,21.27,EUR,card,pos,1,macos,ca763e17e31df831,IE,FR,FR,1,0,0,2,0,yahoo.com,standard,0,0
PR000000360,1/8/2026,C000192,64,796,1,M000209,fashion,0.2697077014282291,34.43,GBP,card,mobile_app,0,macos,919be8d5e71e83ae,IE,FR,FR,1,0,0,2,0,gmail.com,standard,0,0
PR000000361,1/8/2026,C002555,69,3444,0,M000108,marketplace,0.5398755589215475,23.76,GBP,card,web,0,windows,a5087fef9dab607f,DE,IE,GB,1,0,1,5,0,gmail.com,standard,0,0
PR000000362,1/8/2026,C000859,27,3583,0,M000104,electronics,0.3901589172327129,27.42,EUR,wallet,web,0,windows,ac4f71023e6a223b,DE,IE,IE,1,0,2,5,0,business.com,standard,0,0
PR000000363,1/8/2026,C000359,20,2999,1,M000185,gaming,0.908113602,42.65,GBP,card,mobile_app,0,ios,8aedddb2196a8cdc,FR,IE,FR,1,0,0,3,0,gmail.com,standard,0,0
PR000000364,1/8/2026,C001144,51,333,1,M000076,grocery,0.5760643473561216,149.62,EUR,card,mobile_app,0,windows,7db06d3090e30f89,IE,GB,IE,1,0,1,2,0,business.com,standard,0,0
PR000000365,1/8/2026,C002373,70,3493,0,M000288,grocery,0.38211675426476344,60.41,GBP,card,web,0,linux,7dc56dafdf1e1f35,SE,GB,ES,1,0,0,4,0,business.com,standard,0,0
PR000000366,1/8/2026,C001166,68,913,0,M000139,marketplace,0.5097345179101026,72.28,GBP,wallet,mobile_app,0,macos,e71a5e039be5d78a,FR,US,DE,1,0,0,3,0,gmail.com,standard,0,0
PR000000367,1/8/2026,C001606,39,3622,0,M000400,electronics,0.44666173982357843,55.37,GBP,card,web,0,ios,89d0012ff0495858,ES,IE,US,1,1,1,7,0,outlook.com,subscription,0,1
PR000000368,1/8/2026,C000393,21,2492,0,M000186,electronics,0.40716215655691335,29.84,EUR,card,web,0,android,f1356b2b55958964,FR,DE,DE,1,1,2,4,0,icloud.com,subscription,0,0
PR000000369,1/8/2026,C000091,25,683,0,M000027,health,0.11783000880596625,62.02,GBP,card,web,0,android,e6770c56c0d27ec9,GB,SE,FR,1,0,2,5,0,student.edu,subscription,0,0
PR000000370,1/8/2026,C000874,60,1117,0,M000466,health,0.19041507460523865,71.16,EUR,card,mobile_app,0,linux,211dc2a969254848,FR,FR,GB,1,0,0,4,0,gmail.com,standard,0,0
PR000000371,1/8/2026,C002376,50,1270,0,M000291,telecoms,0.3504717965455463,33.76,GBP,card,web,0,android,2aca087cd26f25a7,DE,IE,SE,1,0,1,6,0,gmail.com,standard,0,0
PR000000372,1/8/2026,C001516,59,2670,1,M000096,fashion,0.18177873055563712,154.08,USD,card,mobile_app,0,android,e9f49320957994c1,IE,FR,DE,1,0,0,2,0,outlook.com,subscription,0,0
PR000000373,1/8/2026,C002154,50,545,0,M000409,health,0.3167429642567033,25.87,USD,card,mobile_app,0,ios,,GB,IE,US,1,0,0,1,0,business.com,gift_cards,0,0
PR000000374,1/8/2026,C002496,22,1176,0,M000308,utilities,0.044467643,85.74,EUR,wallet,web,0,android,3235bce9cc322fa4,NL,ES,FR,1,0,1,3,0,student.edu,standard,0,0
PR000000375,1/8/2026,C000718,66,3537,0,M000334,utilities,0.2633248655517235,13.55,EUR,card,web,0,ios,db85bc890d82023b,PL,IE,IT,1,0,1,2,0,outlook.com,gift_cards,0,0
PR000000376,1/8/2026,C000639,76,2611,0,M000404,services,0.22004372879290024,45.08,GBP,wallet,web,0,ios,,GB,US,IE,1,0,2,3,0,gmail.com,standard,0,1
PR000000377,1/8/2026,C001632,29,1209,0,M000263,fashion,0.3927969406382409,61.57,EUR,card,mobile_app,0,ios,f77b96f997f52291,DE,IE,FR,1,0,0,6,0,student.edu,standard,0,0
PR000000378,1/8/2026,C001236,54,770,0,M000230,digital_goods,0.4974565075062095,115.04,EUR,card,web,0,macos,615a5f38ca461614,GB,FR,IE,1,0,0,2,0,gmail.com,standard,0,0
PR000000379,1/8/2026,C002127,61,540,0,M000422,fashion,0.3840588086383455,80.96,GBP,card,web,0,windows,4c3f157528cdd5b0,US,DE,GB,1,0,0,5,0,business.com,standard,0,0
PR000000380,1/8/2026,C001679,58,1022,0,M000076,services,0.35691681023711636,54.47,EUR,wallet,web,0,ios,0585ffe764fd5f60,GB,GB,GB,0,0,0,2,0,student.edu,standard,0,0
PR000000381,1/8/2026,C002038,54,2977,0,M000147,gaming,0.5263177290558682,16.48,GBP,card,web,0,windows,a2713ee14bceeedc,IT,IE,IE,1,0,1,1,0,gmail.com,subscription,0,0
PR000000382,1/8/2026,C001543,34,3219,0,M000463,electronics,0.7117684996524822,32.29,EUR,card,mobile_app,0,windows,,NL,GB,FR,1,0,0,1,0,gmail.com,standard,0,0
PR000000383,1/8/2026,C000038,61,1796,0,M000352,grocery,0.1379367628111861,11.48,EUR,card,web,0,ios,f220bf394ccf352a,IE,ES,BR,1,0,2,2,0,gmail.com,standard,0,0
PR000000384,1/8/2026,C001432,66,1553,0,M000354,services,0.5995192727160303,39.29,GBP,card,web,0,android,0a13b9bfd1b31387,FR,NL,DE,1,1,3,9,0,,standard,0,1
PR000000385,1/8/2026,C000519,62,3116,0,M000041,fashion,0.5452335599917584,14.78,EUR,card,web,0,ios,34404ad72be5801b,GB,FR,IE,1,0,0,4,0,proton.me,standard,0,0
PR000000386,1/8/2026,C000506,67,342,0,M000064,gaming,0.5005698841592365,55.9,GBP,card,mobile_app,0,ios,f4d854f840216bfd,DE,GB,DE,1,0,0,2,0,outlook.com,gift_cards,0,0
PR000000387,1/8/2026,C001874,18,775,0,M000250,health,0.2850790499844863,21.98,EUR,card,pos,1,ios,5099b7c670af6c62,US,IE,IE,1,0,0,2,0,student.edu,standard,0,0
PR000000388,1/8/2026,C000603,72,1881,0,M000138,restaurants,0.2888292295323334,24.82,EUR,card,in_app,0,android,a92b61be3e7bef4e,FR,FR,GB,1,0,0,7,0,outlook.com,standard,0,0
PR000000389,1/8/2026,C001402,70,3382,0,M000403,electronics,0.42327224948923187,41.88,GBP,card,web,0,macos,afc06a61e08583fd,NL,IE,IE,1,0,1,3,0,gmail.com,gift_cards,0,0
PR000000390,1/8/2026,C000674,54,988,0,M000001,telecoms,0.28933388542566796,47.25,GBP,card,in_app,0,linux,,ES,IE,DE,1,0,0,5,0,business.com,standard,0,0
PR000000391,1/8/2026,C001392,73,316,0,M000013,electronics,0.5722161019156271,33.36,USD,card,web,0,windows,d9cc7d678e329645,IE,GB,ES,1,0,1,5,0,gmail.com,standard,0,0
PR000000392,1/8/2026,C000799,36,426,0,M000410,grocery,0.37675013540876523,46.99,EUR,card,web,0,android,34a8925f975ba9fa,NL,IE,US,1,1,1,11,0,icloud.com,standard,0,1
PR000000393,1/9/2026,C001349,54,399,0,M000216,telecoms,0.45826921811719196,14.39,EUR,card,mobile_app,0,android,df6820cd9c4bf042,IE,GB,NL,1,1,0,8,0,gmail.com,standard,0,0
PR000000394,1/9/2026,C000200,53,2621,0,M000446,travel,0.5428170337433792,17.11,EUR,card,web,0,android,5a3755693e11f7bb,IE,US,PL,1,0,1,4,0,gmail.com,standard,0,0
PR000000395,1/9/2026,C002198,38,1336,0,M000209,health,0.4207885097446357,19.99,EUR,card,web,0,macos,,NL,IE,GB,1,0,0,2,0,outlook.com,gift_cards,0,0
PR000000396,1/9/2026,C001292,77,3310,0,M000375,travel,0.6346378293555296,25.63,EUR,card,web,0,android,2c260caf5f30cf59,SE,US,IE,1,0,0,2,0,yahoo.com,gift_cards,0,0
PR000000397,1/9/2026,C001748,28,1694,0,M000337,gaming,0.3593187583207831,79.64,GBP,card,web,0,android,b62686f70795bcdb,IE,DE,IE,1,0,1,3,0,business.com,standard,0,0
PR000000398,1/9/2026,C001578,31,46,1,M000120,services,0.21957980772101826,47.89,EUR,card,pos,1,macos,01ab707b04fdb024,GB,GB,FR,1,0,3,5,0,gmail.com,subscription,0,0
PR000000399,1/9/2026,C001233,49,1205,0,M000192,telecoms,0.5178400085649435,25.18,EUR,bank_transfer,web,0,android,d8e9f369c630cb62,IE,GB,GB,1,0,0,7,0,yahoo.com,standard,0,0
PR000000400,1/9/2026,C001065,72,1271,0,M000361,electronics,0.4891793145259541,17.95,EUR,card,web,0,macos,faf598f9dfed6613,NL,IE,BR,1,0,1,3,0,gmail.com,standard,0,0
PR000000401,1/9/2026,C002138,32,3621,0,M000022,travel,0.6182786015179313,85.44,GBP,card,web,0,windows,d844819f2e831314,IE,IE,GB,1,1,1,5,0,student.edu,standard,0,0
PR000000402,1/9/2026,C002236,45,1095,0,M000267,gaming,0.6149842072892797,11,EUR,bank_transfer,web,0,ios,c19e57e47fbc43bd,IE,IE,IE,0,0,0,5,0,outlook.com,standard,0,0
PR000000403,1/9/2026,C001588,59,2481,0,M000242,grocery,0.013497614243576261,38.45,EUR,card,in_app,0,ios,35cc1491082d2ab0,NL,GB,DE,1,0,1,4,0,gmail.com,standard,0,0
PR000000404,1/9/2026,C001889,20,40,0,M000196,utilities,0.18312919015071752,42.08,EUR,card,mobile_app,0,ios,e821451d07af5e12,FR,IE,IE,1,0,0,5,0,student.edu,standard,0,0
PR000000405,1/9/2026,C000103,61,3330,0,M000092,health,0.3484175844578867,34.25,EUR,card,mobile_app,0,android,15951efbbd0e78a3,IE,SE,PL,1,0,0,1,0,gmail.com,standard,0,0
PR000000406,1/9/2026,C001729,54,1545,0,M000104,marketplace,0.49070937161285233,57.7,EUR,wallet,web,0,android,3a670ded4b18aab5,GB,GB,SE,1,0,1,2,0,outlook.com,standard,0,0
PR000000407,1/9/2026,C002463,46,845,0,M000005,restaurants,0.10835742112542418,38.28,EUR,card,pos,1,ios,0416ab1cf7ca9dc2,PL,US,IE,1,0,1,0,0,gmail.com,standard,0,0
PR000000408,1/9/2026,C002457,18,3213,0,M000023,restaurants,0.30987819763198043,34.99,GBP,card,web,0,android,c02c8c79af769799,IT,IE,IT,1,1,3,7,0,yahoo.com,standard,0,1
PR000000409,1/9/2026,C001735,23,3328,0,M000191,fashion,0.3573804152478765,83.07,GBP,card,web,0,ios,,FR,IE,IE,1,0,1,5,0,gmail.com,gift_cards,0,0
PR000000410,1/9/2026,C001552,38,319,0,M000470,electronics,0.6145303738918395,18.8,GBP,card,web,0,ios,44827b90a38e7afb,SE,DE,IE,1,0,0,1,0,yahoo.com,standard,0,0
PR000000411,1/9/2026,C000362,59,300,0,M000472,marketplace,0.7888378837159633,31.8,GBP,card,in_app,1,windows,b576cb6e63331efb,GB,IT,US,1,0,0,6,0,business.com,standard,0,0
PR000000412,1/9/2026,C001792,75,664,0,M000298,grocery,0.5117074687219443,125.44,EUR,card,web,0,ios,b1966bfc7aed0281,IE,ES,DE,1,0,0,0,0,outlook.com,standard,0,0
PR000000413,1/9/2026,C000726,36,1914,0,M000383,grocery,0.21774458165943908,91.07,GBP,card,web,0,macos,66365c0f827f4d24,IE,IE,IE,0,0,1,3,0,outlook.com,standard,0,0
PR000000414,1/9/2026,C002569,68,818,0,M000084,grocery,0.1605064507238069,16.4,GBP,card,mobile_app,0,android,1b5fe7bd0f487d89,DE,GB,PL,1,0,1,1,0,yahoo.com,gift_cards,0,0
PR000000415,1/9/2026,C002555,34,1641,0,M000257,digital_goods,0.6008736232487777,52.48,GBP,card,web,0,android,7bde413d6eea43bd,FR,DE,DE,1,0,0,3,0,yahoo.com,gift_cards,0,0
PR000000416,1/9/2026,C001384,44,1302,0,M000321,restaurants,0.27314172931767267,69.65,EUR,card,web,0,android,2eef06fa244aef46,IE,IE,US,1,1,0,9,0,gmail.com,standard,0,1
PR000000417,1/9/2026,C001017,78,2369,0,M000374,digital_goods,0.7823292264062334,15.04,EUR,card,web,0,android,69e230be6458f98a,NL,GB,FR,1,0,1,5,0,outlook.com,standard,0,0
PR000000418,1/9/2026,C001188,66,325,0,M000181,travel,0.7366395851102888,23.92,EUR,card,mobile_app,0,android,639efb0343f566e9,IE,GB,FR,1,0,2,5,0,gmail.com,standard,0,1
PR000000419,1/9/2026,C002299,19,3169,0,M000205,utilities,0.084396562,59.99,GBP,wallet,pos,1,ios,2f77210a876532ea,ES,IE,IE,1,0,0,3,0,outlook.com,standard,0,0
PR000000420,1/9/2026,C000942,62,1370,0,M000338,fashion,0.21479349974953899,45.54,EUR,card,web,0,windows,d6dee9e757f8987a,IE,IE,US,1,0,1,3,0,gmail.com,standard,0,0
PR000000421,1/9/2026,C002240,70,916,0,M000291,telecoms,0.3858877682921524,15.86,EUR,card,web,0,android,,IT,ES,SE,1,0,1,,0,gmail.com,standard,0,0
PR000000422,1/9/2026,C000639,30,1908,0,M000239,marketplace,0.19362737875754898,23.28,EUR,bank_transfer,mobile_app,0,ios,,DE,IE,DE,1,1,0,3,0,gmail.com,standard,0,0
PR000000423,1/9/2026,C002416,27,941,0,M000199,marketplace,0.46054394,34.53,EUR,card,pos,1,ios,c8af09f354a1ee11,DE,SE,IE,1,0,1,3,0,gmail.com,standard,0,0
PR000000424,1/9/2026,C000299,78,703,0,M000449,marketplace,0.7392568154341195,27.51,EUR,card,mobile_app,0,android,ee9d573b0f38bcbb,IE,ES,DE,1,0,0,3,0,gmail.com,gift_cards,1,0
PR000000425,1/9/2026,C002000,73,214,0,M000409,electronics,0.5126482529748896,36.36,EUR,card,pos,1,android,8381b3c423c7274d,IE,IE,DE,1,0,0,1,0,gmail.com,gift_cards,0,0
PR000000426,1/9/2026,C001433,36,2433,0,M000436,health,0.26049670339786873,159.28,EUR,card,web,0,android,678a2462054cd3f1,GB,FR,IE,1,0,0,6,0,gmail.com,standard,0,0
PR000000427,1/9/2026,C002475,62,853,0,M000453,electronics,0.7080459596030354,12.53,USD,card,web,0,macos,30d2da6c973ce36d,IE,PL,IE,1,0,3,5,0,outlook.com,standard,0,1
PR000000428,1/9/2026,C001025,79,88,0,M000241,digital_goods,0.6389634499294344,17.22,USD,card,mobile_app,0,ios,2b2c44ffdb05f4d7,FR,IE,IE,1,1,5,5,0,business.com,standard,0,1
PR000000429,1/9/2026,C000665,32,339,0,M000307,grocery,0.11957485752440075,14.07,EUR,card,in_app,0,ios,916ee5bfc112732a,ES,GB,IE,1,0,0,7,0,student.edu,standard,0,0
PR000000430,1/9/2026,C000343,70,2320,0,M000171,grocery,0.3384674996550843,138.73,GBP,bank_transfer,web,0,android,0c432be064babc31,FR,DE,IE,1,0,0,7,0,business.com,standard,0,0
PR000000431,1/9/2026,C001762,50,2395,0,M000290,fashion,0.43855887631009466,36.11,EUR,wallet,web,0,windows,132b48ae1126ab88,IE,GB,US,1,1,3,8,0,business.com,standard,0,1
PR000000432,1/10/2026,C001694,52,1115,0,M000359,gaming,0.6053971696412938,117.8,EUR,card,pos,1,ios,6a6242fcf550351f,DE,US,PL,1,0,2,0,0,business.com,standard,0,0
PR000000433,1/10/2026,C002350,53,2306,0,M000249,digital_goods,0.47393414791196514,16.39,EUR,wallet,web,0,ios,099d7d71541c01eb,IE,PL,DE,1,0,0,4,0,gmail.com,standard,0,0
PR000000434,1/10/2026,C002391,44,1889,0,M000104,restaurants,0.49674904997906016,64.28,EUR,bank_transfer,web,0,ios,dbbb205039357910,DE,IE,IT,1,1,2,3,0,gmail.com,standard,0,1
PR000000435,1/10/2026,C000826,68,1619,0,M000365,fashion,0.4924202108534985,18.56,GBP,card,web,0,android,9593e00bca64941b,DE,IE,ES,1,0,0,1,0,gmail.com,standard,0,0
PR000000436,1/10/2026,C000147,42,1740,0,M000422,restaurants,0.2115337424984476,82.65,USD,bank_transfer,web,0,android,891cbcd2d1241877,FR,US,IE,1,0,1,2,0,outlook.com,standard,0,0
PR000000437,1/10/2026,C000042,61,1854,0,M000300,restaurants,0.1727252544003386,25.79,EUR,card,in_app,0,ios,430ee04e4968e51b,IE,ES,ES,1,0,2,2,1,student.edu,standard,0,1
PR000000438,1/10/2026,C001129,33,1353,1,M000083,electronics,0.6116189027678028,21,EUR,bank_transfer,web,0,android,369782399ec8cf4b,US,DE,NL,1,0,3,4,0,outlook.com,standard,0,0
PR000000439,1/10/2026,C000524,41,3025,0,M000051,grocery,0.15816643399098487,16.15,EUR,card,pos,1,ios,7a69cdde90314ab0,IE,PL,IE,1,0,0,0,0,gmail.com,standard,0,0
PR000000440,1/10/2026,C002519,75,1475,0,M000099,utilities,0.258803712,6.25,EUR,bank_transfer,mobile_app,0,android,764e873d40d9ff68,SE,NL,IE,1,0,0,6,0,gmail.com,standard,0,0
PR000000441,1/10/2026,C000354,18,843,1,M000347,digital_goods,0.8717890931915564,72.91,GBP,card,web,0,macos,d073b8ebea99200f,DE,IE,PL,1,0,0,2,0,outlook.com,standard,0,0
PR000000442,1/10/2026,C001182,41,1323,0,M000080,digital_goods,,77.44,GBP,card,web,0,ios,56fd6ccf729f3527,DE,PL,FR,1,1,2,11,0,proton.me,standard,0,1
PR000000443,1/10/2026,C001310,57,242,0,M000479,marketplace,0.6520916708730745,42.28,GBP,card,web,0,ios,a4624c5db3d8e41d,ES,IE,NL,1,0,0,2,0,proton.me,standard,0,0
PR000000444,1/10/2026,C001515,40,2928,0,M000274,utilities,0.2084640716194485,25.18,EUR,card,web,0,ios,905c6c4fd9590c23,US,ES,DE,1,0,0,2,0,student.edu,standard,0,0
PR000000445,1/10/2026,C001347,69,343,0,M000013,telecoms,0.5157994054865387,18.35,EUR,card,mobile_app,0,android,cf9af6cc456d4c2c,DE,IE,IT,1,1,2,6,0,outlook.com,standard,0,1
PR000000446,1/10/2026,C000569,75,2964,0,M000072,utilities,0.44025960156133953,17.9,EUR,card,mobile_app,0,windows,1ecaafe255100708,DE,ES,ES,1,0,1,5,0,proton.me,gift_cards,0,0
PR000000447,1/10/2026,C002508,58,3343,0,M000093,services,0.20056741498093397,82.12,EUR,card,web,0,macos,6189e28bf9082c26,IE,FR,IE,1,0,0,0,0,outlook.com,standard,0,0
PR000000448,1/10/2026,C001262,57,190,0,M000355,utilities,0.17174582064220623,41.44,EUR,card,web,0,macos,e5575a7007c232fb,DE,GB,US,1,0,0,7,0,gmail.com,standard,0,0
PR000000449,1/10/2026,C002469,34,974,0,M000007,telecoms,0.5504332596710082,26.57,EUR,card,mobile_app,0,ios,e0512b755bc125df,FR,IE,US,1,0,0,3,0,gmail.com,subscription,0,0
PR000000450,1/10/2026,C000934,58,177,0,M000050,gaming,0.3925259718439636,8,EUR,card,web,0,linux,b84927680bf4a81d,NL,DE,GB,1,0,0,7,0,icloud.com,standard,0,0
PR000000451,1/10/2026,C001828,69,1600,0,M000301,travel,0.28007352165875204,31.96,EUR,card,web,0,macos,e15a3a2417996f42,IE,NL,IE,1,1,1,7,0,business.com,standard,0,1
PR000000452,1/10/2026,C001922,41,2848,0,M000139,grocery,0.31514428046634635,14.35,GBP,bank_transfer,mobile_app,0,android,c9355222ce2563bb,GB,DE,IE,1,0,0,1,0,,standard,0,0
PR000000453,1/10/2026,C000960,62,1156,0,M000013,fashion,0.46433922078045203,37.77,EUR,wallet,mobile_app,0,android,9d47f5a96caa8258,GB,GB,IT,1,0,0,4,0,,standard,0,0
PR000000454,1/10/2026,C001736,41,3394,0,M000093,health,0.27603633216895285,207.77,EUR,card,in_app,1,ios,cd67d45c3e202e02,ES,GB,FR,1,0,0,4,0,icloud.com,standard,0,0
PR000000455,1/10/2026,C002226,67,2517,0,M000145,gaming,0.2625449268420349,41.3,EUR,bank_transfer,mobile_app,0,windows,bccb90026a1afcd9,US,IE,IE,1,0,0,0,0,icloud.com,standard,0,0
PR000000456,1/10/2026,C001317,29,1040,0,M000333,grocery,,10.64,USD,card,mobile_app,0,linux,4024685b7ae5796f,IE,FR,DE,1,0,0,2,0,business.com,standard,0,0
PR000000457,1/10/2026,C002129,74,904,0,M000435,grocery,0.1538978547196129,32.23,EUR,card,web,0,macos,054ec26521e33bd9,PL,GB,FR,1,0,2,2,0,business.com,standard,0,0
PR000000458,1/10/2026,C001896,74,2212,0,M000008,utilities,0.32122932065510434,22.37,EUR,card,web,0,android,,IE,DE,IE,1,0,1,2,0,gmail.com,standard,0,0
PR000000459,1/10/2026,C001333,77,1355,0,M000291,health,,59.97,EUR,wallet,mobile_app,0,ios,,IE,IE,ES,1,0,0,5,0,student.edu,standard,0,0
PR000000460,1/10/2026,C001977,48,1500,0,M000445,electronics,0.6105564744380995,26.41,EUR,card,web,0,ios,8376e74cd201bf00,GB,GB,IE,1,0,,3,0,student.edu,standard,0,0
PR000000461,1/10/2026,C001716,28,3049,0,M000012,gaming,0.5203321598488269,34.23,GBP,card,pos,1,ios,a7b50085b0d34d61,FR,IE,IE,1,0,0,2,0,gmail.com,standard,0,0
PR000000462,1/10/2026,C000219,19,519,0,M000318,utilities,0.2497912436608164,47.25,EUR,card,web,0,macos,7192c8e202e448eb,FR,ES,SE,1,0,0,4,0,student.edu,standard,0,0
PR000000463,1/10/2026,C002452,27,3277,0,M000120,marketplace,0.6297742968152378,110.22,EUR,wallet,web,0,ios,045b453a54be7204,PL,FR,IE,1,0,0,2,0,outlook.com,standard,0,0
PR000000464,1/10/2026,C000204,48,998,1,M000315,travel,0.5695492432989221,113.61,EUR,card,mobile_app,0,ios,0a49ec35fe3acb22,GB,GB,IE,1,0,1,5,0,gmail.com,standard,0,0
PR000000465,1/10/2026,C000234,44,1218,0,M000457,travel,0.6097864760528138,14.65,EUR,card,web,0,linux,5c64e56741b8e7c6,IT,IE,US,1,0,1,2,0,,standard,0,0
PR000000466,1/10/2026,C000871,18,178,0,M000267,services,0.21521404822111795,51.89,EUR,card,web,0,ios,29dda856dcfc7e24,IE,PL,IE,1,0,0,1,0,gmail.com,standard,0,0
PR000000467,1/10/2026,C001539,55,2636,0,M000407,grocery,0.16478967314361517,41.18,GBP,wallet,mobile_app,0,ios,40347e4de581b620,GB,IE,IE,1,0,0,2,0,outlook.com,standard,0,0
PR000000468,1/10/2026,C002478,74,2690,0,M000421,digital_goods,0.5353819133827569,95.97,USD,card,mobile_app,0,android,,US,DE,SE,1,0,0,3,0,icloud.com,standard,0,0
PR000000469,1/10/2026,C001376,59,2384,0,M000471,gaming,0.29563415497984613,102.63,EUR,card,mobile_app,0,windows,8522ceecd85c4778,NL,GB,IT,1,0,0,3,0,gmail.com,standard,0,0
PR000000470,1/10/2026,C000784,67,733,0,M000239,grocery,0.19586460155983632,36.53,EUR,wallet,web,0,macos,67355a36eb530e9a,IE,PL,GB,1,0,1,1,0,outlook.com,gift_cards,0,0
PR000000471,1/10/2026,C002492,78,1230,0,M000378,fashion,0.49215735347660433,71.61,EUR,card,web,0,ios,,GB,IT,GB,1,1,5,8,0,icloud.com,standard,0,1
PR000000472,1/10/2026,C002563,79,3055,0,M000442,digital_goods,0.4353419048880664,30.47,EUR,wallet,in_app,0,ios,79595ed193cba417,IE,IE,US,1,0,0,0,1,business.com,subscription,0,0
PR000000473,1/10/2026,C002054,65,750,0,M000399,electronics,0.615205793,85.06,EUR,card,pos,1,android,06df31512d2425e5,US,DE,GB,1,0,0,1,0,yahoo.com,gift_cards,0,0
PR000000474,1/10/2026,C000161,68,3002,0,M000318,marketplace,0.5340972762416002,51.69,EUR,card,pos,1,macos,e5a3b817cac3d881,GB,PL,ES,1,0,0,0,0,gmail.com,standard,0,0
PR000000475,1/10/2026,C001624,59,783,0,M000223,telecoms,0.34737329763343805,20.31,EUR,card,web,0,ios,6ed7c9653c77473c,IT,FR,IT,1,0,1,0,0,outlook.com,standard,0,0
PR000000476,1/10/2026,C000472,77,3472,0,M000348,utilities,0.16356055869812486,16.45,USD,card,web,0,android,663c85fbfe9b1a82,IE,US,DE,1,0,0,4,0,icloud.com,gift_cards,0,0
PR000000477,1/10/2026,C000063,38,2051,0,M000177,services,0.1345398886721942,20.25,EUR,card,pos,1,ios,e34d6454949b756c,SE,US,IE,1,0,0,0,0,gmail.com,standard,0,0
PR000000478,1/10/2026,C002298,59,2675,0,M000062,restaurants,0.3841411759304316,21.55,EUR,card,web,0,ios,aa9d618bceda5aef,NL,NL,FR,1,0,0,3,0,business.com,gift_cards,0,0
PR000000479,1/11/2026,C001110,38,1348,0,M000256,restaurants,0.5915558830195253,17.77,EUR,card,mobile_app,0,android,3423ee38a00f9d17,NL,PL,DE,1,0,1,4,0,outlook.com,standard,0,0
PR000000480,1/11/2026,C001501,64,1997,0,M000400,telecoms,0.4964005817022826,29.81,EUR,card,mobile_app,0,ios,1ac4cb89bc540bce,GB,IE,BR,1,0,1,0,0,yahoo.com,standard,0,0
PR000000481,1/11/2026,C001907,65,265,0,M000287,electronics,,77.56,EUR,card,pos,1,android,b0a7d3280ce6d427,FR,GB,ES,1,0,2,2,0,,standard,0,0
PR000000482,1/11/2026,C001028,49,1924,1,M000463,marketplace,0.5661092385247051,14.44,EUR,bank_transfer,mobile_app,0,windows,7a5c3e1a93a9558d,IE,GB,SE,1,0,1,2,0,outlook.com,standard,0,0
PR000000483,1/11/2026,C001360,75,472,0,M000167,utilities,0.28021382057648614,126.75,EUR,card,in_app,0,android,6129e6f7c3010e68,DE,IE,US,1,0,0,2,0,gmail.com,standard,0,0
PR000000484,1/11/2026,C000291,48,1875,0,M000201,grocery,0.33065151186047126,14.67,EUR,card,web,0,ios,17a7cdcedce3a550,ES,US,GB,1,0,1,1,0,business.com,standard,0,0
PR000000485,1/11/2026,C001829,53,1979,0,M000462,grocery,0.11300813378027788,13.75,EUR,card,mobile_app,0,macos,8e7208cfece6d74f,IE,PL,US,1,0,0,2,0,gmail.com,standard,0,0
PR000000486,1/11/2026,C000906,58,1813,0,M000187,grocery,0.39642075416305356,27.5,EUR,card,mobile_app,0,ios,4699cacc85cb10f2,IE,ES,NL,1,0,0,2,1,gmail.com,gift_cards,0,0
PR000000487,1/11/2026,C000787,55,291,0,M000468,grocery,0.277904023,71.63,GBP,card,mobile_app,0,android,78895f079c556f74,IE,FR,FR,1,0,0,1,0,yahoo.com,standard,0,0
PR000000488,1/11/2026,C001956,72,2466,0,M000101,grocery,0.19939812059604664,27.03,GBP,bank_transfer,pos,1,macos,cf7c2f3c564284c1,IE,US,IT,1,0,0,1,0,proton.me,standard,0,0
PR000000489,1/11/2026,C001402,56,436,0,M000470,restaurants,0.081640241,17.45,EUR,card,mobile_app,0,macos,d1645b27b1325278,FR,GB,NL,1,0,0,2,0,outlook.com,standard,0,0
PR000000490,1/11/2026,C000476,21,1939,0,M000010,gaming,,55.72,EUR,card,pos,1,linux,,FR,ES,PL,1,0,0,2,1,icloud.com,standard,0,0
PR000000491,1/11/2026,C000430,42,1567,0,M000424,restaurants,0.1505253767469445,33.41,EUR,bank_transfer,mobile_app,0,ios,6115327865785454,IE,GB,IT,1,0,0,2,0,outlook.com,standard,0,0
PR000000492,1/11/2026,C000509,72,1504,0,M000399,health,0.21264797397844132,44.49,EUR,card,mobile_app,0,ios,41c3854ad1429c4e,GB,DE,IT,1,0,0,3,0,gmail.com,gift_cards,0,0
PR000000493,1/11/2026,C001446,72,2781,0,M000404,gaming,0.3923483516053555,19.42,EUR,card,web,0,android,3cbd4c15ec1972e9,DE,US,FR,1,0,2,3,1,yahoo.com,gift_cards,0,1
PR000000494,1/11/2026,C002389,73,637,1,M000032,grocery,0.093731546,24.04,USD,card,mobile_app,0,ios,68bba269a5696ba9,GB,IE,US,1,0,0,1,0,gmail.com,standard,0,0
PR000000495,1/11/2026,C001062,33,1219,0,M000217,fashion,0.37453236326593653,85.47,EUR,card,web,0,ios,2861bc333b1c122c,DE,FR,GB,1,0,1,3,0,gmail.com,standard,0,0
PR000000496,1/11/2026,C002140,68,2503,0,M000262,grocery,0.4451875715405208,68.63,GBP,card,pos,1,ios,38529cccb3c8d3e4,GB,DE,IE,1,1,1,4,0,gmail.com,standard,0,0
PR000000497,1/11/2026,C000728,42,2914,0,M000101,electronics,0.4641572698940543,26.83,GBP,card,web,0,android,,GB,US,GB,1,0,2,1,0,business.com,gift_cards,0,0
PR000000498,1/11/2026,C001266,55,3051,0,M000201,fashion,0.4270257124190279,22.89,EUR,card,mobile_app,0,android,c99f662dec8777e6,US,GB,PL,1,0,1,2,0,proton.me,gift_cards,0,0
PR000000499,1/11/2026,C000022,20,1595,0,M000217,electronics,0.4232594990132259,54.77,EUR,card,web,0,android,,GB,DE,NL,1,0,0,5,0,gmail.com,standard,0,0
PR000000500,1/11/2026,C000286,54,860,0,M000461,travel,0.5295821721432885,8.99,EUR,card,web,0,macos,4c6b9dcb691a2712,IT,ES,ES,1,0,1,4,0,outlook.com,standard,0,0
PR000000501,1/11/2026,C000294,49,3570,0,M000301,fashion,0.2588634733239085,59.25,EUR,card,web,0,macos,34302bfca957b40e,DE,ES,IE,1,0,1,2,0,outlook.com,standard,0,0
PR000000502,1/11/2026,C000199,56,212,0,M000125,marketplace,0.5267304804501404,43.28,GBP,card,web,0,ios,6bc1aa0dcb519bfe,US,ES,IE,1,0,0,2,1,business.com,standard,0,0
PR000000503,1/11/2026,C000656,34,2269,0,M000395,restaurants,0.27551551909069033,85.62,EUR,card,web,0,android,ea25c4e245b364a4,FR,GB,GB,1,0,1,5,0,gmail.com,standard,0,0
PR000000504,1/11/2026,C001892,55,1755,0,M000341,marketplace,0.44079932144604156,68.85,EUR,card,in_app,1,ios,4dfa13b560acd1ca,SE,FR,FR,1,0,1,,0,gmail.com,standard,0,0
PR000000505,1/11/2026,C001782,34,1820,0,M000267,marketplace,0.6680373096617203,27.8,EUR,card,web,0,android,a2ac68a889b2d58b,IE,GB,GB,1,0,0,5,0,icloud.com,standard,0,0
PR000000506,1/11/2026,C001018,48,1883,0,M000185,fashion,0.2420473025571252,20.49,GBP,card,mobile_app,0,android,f2c515eb7b847945,DE,DE,ES,1,1,0,7,0,icloud.com,standard,0,0
PR000000507,1/11/2026,C001826,33,2555,0,M000426,marketplace,0.3772040658515946,188.09,EUR,bank_transfer,web,0,ios,44d3d6882c87a85a,GB,US,IE,1,0,0,2,1,gmail.com,subscription,0,0
PR000000508,1/11/2026,C000626,41,1817,0,M000464,grocery,0.11844109517877088,44.62,GBP,card,web,0,windows,c22d778d52e68238,GB,DE,US,1,0,0,1,1,icloud.com,standard,0,0
PR000000509,1/11/2026,C002385,24,3015,0,M000263,travel,0.6236505710277932,22.54,EUR,bank_transfer,mobile_app,0,windows,7a243f503ff80077,IE,IE,DE,1,0,0,3,0,gmail.com,standard,0,0
PR000000510,1/11/2026,C000040,56,1559,0,M000370,marketplace,0.5111661767629501,139.98,USD,card,web,0,ios,,GB,US,PL,1,0,1,5,0,gmail.com,standard,0,0
PR000000511,1/11/2026,C001605,30,1685,0,M000234,grocery,0.3239631439958373,17.73,EUR,wallet,web,0,android,,GB,PL,ES,1,1,4,5,0,yahoo.com,standard,0,1
PR000000512,1/11/2026,C002187,35,2223,0,M000398,gaming,,63.22,GBP,card,mobile_app,0,ios,62ec483ed4110d2c,GB,IE,IE,1,0,0,4,0,icloud.com,standard,0,0
PR000000513,1/11/2026,C000357,58,738,0,M000005,services,0.38794367211888436,9.93,EUR,card,pos,1,ios,4ac2aad35e50a85f,IE,GB,ES,1,0,1,1,0,icloud.com,standard,0,0
PR000000514,1/11/2026,C002047,47,2388,1,M000351,restaurants,0.18187578845752628,85.35,EUR,card,mobile_app,0,ios,,ES,DE,FR,1,0,1,4,0,outlook.com,standard,0,0
PR000000515,1/11/2026,C000082,34,2783,0,M000043,marketplace,0.45922033417029784,18.11,EUR,card,web,0,android,2e5bc10e3c3dbbe2,IE,GB,PL,1,0,0,2,0,student.edu,standard,0,0
PR000000516,1/11/2026,C000271,32,3186,0,M000134,fashion,0.2836386304471909,28.48,EUR,bank_transfer,web,0,ios,57bc7257e1b67eb8,IE,FR,IE,1,0,1,2,0,outlook.com,standard,0,0
PR000000517,1/11/2026,C000819,70,2068,0,M000309,fashion,0.3256978146481601,54.73,EUR,wallet,web,0,android,c8c52801f24d295e,DE,DE,PL,1,0,0,2,0,proton.me,standard,0,0
PR000000518,1/11/2026,C000312,53,3084,0,M000342,marketplace,0.6387865073483658,44.59,EUR,card,pos,1,windows,c6b35358a5b68c12,US,IE,PL,1,0,1,1,0,yahoo.com,standard,0,0
PR000000519,1/11/2026,C001805,18,1522,0,M000464,utilities,0.052030797,59.53,GBP,card,web,0,android,5f9c6a61e35c4d6b,IT,IT,US,1,0,1,2,0,gmail.com,standard,0,0
PR000000520,1/11/2026,C000469,57,647,0,M000011,services,0.3164526920784048,82.24,EUR,wallet,mobile_app,0,macos,c00d9b1c9dfc16d1,FR,DE,GB,1,0,0,1,0,gmail.com,standard,0,0
PR000000521,1/11/2026,C002319,39,368,0,M000452,utilities,0.292586295,74.18,EUR,card,mobile_app,0,android,dbc319e970d713e3,IE,US,PL,1,0,0,3,0,outlook.com,standard,0,0
PR000000522,1/11/2026,C002492,31,2295,0,M000230,travel,0.6221657711132632,133.24,EUR,card,web,0,android,5d687ef41b6aa349,FR,IE,FR,1,0,0,5,0,gmail.com,standard,0,0
PR000000523,1/11/2026,C000515,21,3442,0,M000231,fashion,0.42609035684015684,24.58,EUR,card,mobile_app,0,android,d3939a0f14c95c76,GB,GB,US,1,0,0,5,0,gmail.com,standard,0,0
PR000000524,1/11/2026,C001635,24,3209,0,M000404,marketplace,0.6378493749689031,12.44,USD,card,web,0,windows,0d999c2e8a6bee43,NL,DE,US,1,1,1,5,0,gmail.com,standard,0,0
PR000000525,1/11/2026,C001913,39,1864,0,M000336,grocery,0.35667317312357905,69.23,EUR,wallet,pos,1,macos,5bbfef1ac082ecc4,FR,SE,IE,1,1,1,7,0,yahoo.com,standard,0,0
PR000000526,1/11/2026,C001421,45,1954,0,M000442,electronics,,240.67,EUR,card,web,0,macos,35506d2f3b256c78,DE,IE,IE,1,0,0,2,0,gmail.com,gift_cards,0,0
PR000000527,1/11/2026,C001924,36,3599,0,M000476,grocery,0.20121329399079202,57.75,EUR,card,mobile_app,0,android,eaabb093616957be,IE,DE,ES,1,0,0,3,1,yahoo.com,standard,0,0
PR000000528,1/11/2026,C002316,24,898,0,M000028,electronics,0.6312752699850229,26.81,EUR,bank_transfer,pos,1,macos,a039eeb953ebfce5,ES,IE,GB,1,0,2,0,0,icloud.com,subscription,0,0
PR000000529,1/11/2026,C002098,41,1616,0,M000177,electronics,0.5738836716160444,96.77,EUR,card,mobile_app,0,android,8a1cb445758d7199,IT,NL,PL,1,1,2,4,0,yahoo.com,standard,0,1
PR000000530,1/11/2026,C001994,55,3039,0,M000079,fashion,0.45129808669691085,42.98,GBP,card,web,0,windows,a672812e370a4fb8,DE,IE,IE,1,1,0,7,0,gmail.com,standard,0,0
PR000000531,1/12/2026,C000168,67,1214,1,M000011,health,0.5106568764914823,15.18,EUR,card,web,0,linux,,DE,IE,NL,1,0,0,3,0,proton.me,standard,0,0
PR000000532,1/12/2026,C001277,54,971,0,M000067,digital_goods,0.6738386437740861,35.04,EUR,card,web,0,macos,cb30e7e4d2a20674,IE,GB,IE,1,0,0,6,0,icloud.com,standard,0,0
PR000000533,1/12/2026,C000597,38,1265,1,M000417,electronics,0.6919815127299636,9.15,GBP,card,web,0,android,ff97a688af278f8b,GB,IE,DE,1,0,1,1,0,icloud.com,standard,0,0
PR000000534,1/12/2026,C002328,47,505,0,M000262,utilities,0.22885056904258466,71.41,EUR,card,mobile_app,0,android,,IE,FR,IT,1,0,0,2,0,yahoo.com,standard,0,0
PR000000535,1/12/2026,C001575,57,1001,0,M000068,marketplace,0.4170788560996717,93.97,EUR,card,in_app,1,ios,eee38a954e4120b1,GB,IE,GB,1,0,0,3,0,outlook.com,gift_cards,0,0
PR000000536,1/12/2026,C001077,69,3572,0,M000120,marketplace,0.6611727564509018,14.08,EUR,card,web,0,android,3a2e2cfcc3ebd68a,GB,PL,US,1,0,2,3,0,gmail.com,standard,0,0
PR000000537,1/12/2026,C001398,71,1548,0,M000357,digital_goods,0.4484457278495364,21.72,EUR,bank_transfer,web,0,windows,,ES,ES,DE,1,0,1,2,0,gmail.com,subscription,0,0
PR000000538,1/12/2026,C000915,23,2102,0,M000339,marketplace,0.3945427446674863,91.48,EUR,card,mobile_app,0,android,a6fee9aeea0874df,GB,GB,IE,1,1,2,6,0,yahoo.com,standard,0,1
PR000000539,1/12/2026,C001807,24,3528,0,M000441,gaming,,25.18,GBP,card,mobile_app,0,macos,bd6b89b83a70975c,GB,IE,IE,1,0,0,0,0,gmail.com,standard,0,0
PR000000540,1/12/2026,C001867,79,2314,0,M000470,health,0.23358317991122532,12.95,GBP,card,mobile_app,0,macos,,DE,FR,PL,1,0,0,2,0,gmail.com,standard,0,0
PR000000541,1/12/2026,C002437,53,672,0,M000268,telecoms,0.4643690563885799,14.29,EUR,card,web,0,macos,bb0aec8aca6fc060,GB,IE,IT,1,0,0,4,0,gmail.com,standard,0,0
PR000000542,1/12/2026,C001271,18,1038,0,M000265,grocery,0.11688731994083593,28.05,GBP,card,web,0,android,,GB,SE,IT,1,0,0,1,0,yahoo.com,standard,0,0
PR000000543,1/12/2026,C000875,56,466,0,M000312,marketplace,0.49523994176349295,97.23,GBP,card,web,0,android,28b3c010966b27da,FR,NL,IT,1,0,1,2,0,business.com,subscription,0,0
PR000000544,1/12/2026,C001085,34,972,0,M000441,grocery,0.31546209561512395,97.42,GBP,card,web,0,ios,397addad1fc3fa45,SE,NL,IE,1,1,1,9,0,business.com,standard,0,1
PR000000545,1/12/2026,C001160,45,3428,0,M000316,digital_goods,0.7227439367694967,44.43,EUR,card,web,0,ios,3dd0da5832362343,NL,GB,GB,1,0,0,6,0,outlook.com,standard,0,0
PR000000546,1/12/2026,C000424,21,3152,0,M000065,restaurants,0.323359366,45.92,EUR,wallet,mobile_app,0,android,ef4073210741311f,US,US,IE,1,0,0,3,0,gmail.com,standard,0,0
PR000000547,1/12/2026,C002337,63,374,0,M000430,marketplace,0.5265299114825509,98.58,USD,card,web,0,android,96723445a85c9254,GB,GB,FR,1,0,0,4,0,gmail.com,standard,0,0
PR000000548,1/12/2026,C001062,38,927,0,M000027,gaming,0.387164589,84.52,EUR,card,pos,1,macos,2a2a5e8c055a12ab,ES,SE,IE,1,0,0,2,0,yahoo.com,standard,0,0
PR000000549,1/12/2026,C002237,74,333,1,M000216,services,0.5400641728050084,37.93,GBP,card,web,0,macos,d186a874bfa93c16,IE,FR,NL,1,0,0,2,0,gmail.com,standard,0,0
PR000000550,1/12/2026,C001608,44,3274,0,M000214,fashion,0.2980037868103757,87.67,EUR,card,mobile_app,0,macos,0bf0ab4a903db45a,IE,US,BR,1,0,1,2,0,yahoo.com,standard,0,0
PR000000551,1/12/2026,C001348,63,2660,0,M000231,digital_goods,0.6761011999500676,127.06,EUR,card,mobile_app,0,android,28aa07ed3b05fad7,ES,PL,FR,1,0,0,2,0,gmail.com,gift_cards,0,0
PR000000552,1/12/2026,C002029,55,532,0,M000414,grocery,0.21526567418153542,59.68,USD,card,pos,1,ios,a3701c96c8bf51b9,IE,IE,IE,0,1,2,9,0,gmail.com,standard,0,0
PR000000553,1/12/2026,C001880,24,694,0,M000150,electronics,0.5378307872920428,79.39,GBP,bank_transfer,pos,1,ios,58af7523f6394026,IE,IE,IE,0,0,1,2,0,business.com,standard,0,0
PR000000554,1/12/2026,C001066,74,863,0,M000052,services,0.29197802411957585,29.07,GBP,wallet,mobile_app,0,ios,84a81610623bfeda,GB,DE,IE,1,0,0,1,0,business.com,standard,0,0
PR000000555,1/12/2026,C000553,22,2489,0,M000025,grocery,0.21430331339113562,43.46,EUR,bank_transfer,web,0,windows,d88d840c1a41d1e7,FR,SE,FR,1,0,0,7,0,business.com,gift_cards,0,0
PR000000556,1/12/2026,C000438,74,503,0,M000177,marketplace,0.5403275593286705,56.8,EUR,card,web,0,ios,2822f70070b8c28e,ES,IE,NL,1,0,0,4,0,outlook.com,standard,0,0
PR000000557,1/12/2026,C001480,18,3647,1,M000049,travel,0.5363715203847766,27.04,EUR,bank_transfer,web,0,ios,f6d5ef4d788e6e75,IE,IE,US,1,0,1,4,0,gmail.com,subscription,0,0
PR000000558,1/12/2026,C002327,51,3460,0,M000441,services,0.2609320919418171,68.76,EUR,card,web,0,android,3c2ca28fe90980f6,GB,DE,IE,1,0,1,3,0,business.com,standard,0,0
PR000000559,1/12/2026,C000846,42,763,0,M000334,restaurants,0.114673442,14.56,GBP,card,mobile_app,0,android,0d6ebf6882ab1e17,GB,DE,DE,1,0,0,2,0,outlook.com,standard,0,0
PR000000560,1/12/2026,C001822,33,3449,0,M000381,telecoms,0.2530997655092059,60.1,GBP,card,pos,1,ios,ad6e69585a9f1447,FR,IE,ES,1,0,1,2,0,yahoo.com,standard,0,0
PR000000561,1/12/2026,C000934,47,501,0,M000294,digital_goods,0.6417460938380988,87.29,USD,card,mobile_app,0,android,ebc044f0c645eba2,DE,US,ES,1,0,0,3,0,gmail.com,gift_cards,0,0
PR000000562,1/12/2026,C002060,40,2885,0,M000103,grocery,,28.4,EUR,card,web,0,android,3e0f96e8bdac000f,IE,GB,IE,1,0,2,3,0,gmail.com,standard,0,0
PR000000563,1/12/2026,C002137,49,2438,0,M000271,digital_goods,0.4480327745951104,16.55,EUR,card,pos,1,macos,67e6c3cc48593dfe,ES,ES,IE,1,0,0,1,0,business.com,standard,0,0
PR000000564,1/12/2026,C000264,76,40,0,M000314,travel,0.5238145435260899,51.51,EUR,card,web,0,ios,14f0af087838e3bb,US,FR,GB,1,0,0,5,0,gmail.com,subscription,0,0
PR000000565,1/12/2026,C001610,29,1285,0,M000296,grocery,0.28140906713181113,13.01,EUR,card,web,0,ios,bedad6a46c632e1f,IE,PL,FR,1,0,1,2,0,yahoo.com,standard,0,0
PR000000566,1/12/2026,C001361,40,2520,0,M000146,services,0.48222156456166265,51.79,EUR,card,mobile_app,0,windows,719469d3570979c2,IE,IE,FR,1,0,0,0,0,outlook.com,standard,0,0
PR000000567,1/12/2026,C000257,65,2462,0,M000398,utilities,0.27953289268774484,150.62,EUR,card,mobile_app,0,ios,86a5541decfab257,IE,US,US,1,0,1,0,0,gmail.com,standard,0,0
PR000000568,1/12/2026,C000356,61,631,0,M000329,travel,0.6806526599218081,27.15,USD,wallet,web,0,android,26b7fc4c8158b440,IE,IE,IT,1,1,3,6,0,gmail.com,standard,0,1
PR000000569,1/13/2026,C001240,60,1300,0,M000363,electronics,0.5537025148809773,52.57,EUR,card,web,0,android,9111023034625f0a,DE,IE,IE,1,0,1,3,0,student.edu,standard,0,0
PR000000570,1/13/2026,C000142,61,40,0,M000391,services,0.4099273121663849,34.57,EUR,card,web,0,android,cea8f8ece7d8b364,FR,IE,DE,1,1,2,3,0,business.com,subscription,0,1
PR000000571,1/13/2026,C002151,35,1748,0,M000308,services,0.15933222213223325,12.98,GBP,card,mobile_app,0,ios,32f2b1fd6e88b486,IE,FR,ES,1,1,0,7,0,icloud.com,standard,0,0
PR000000572,1/13/2026,C000149,60,3402,0,M000352,utilities,,27.89,EUR,card,mobile_app,0,android,8d13a2d509832db3,IE,IE,DE,1,0,2,1,0,gmail.com,standard,0,0
PR000000573,1/13/2026,C001903,74,2842,0,M000111,grocery,0.3832487280568667,24.94,EUR,bank_transfer,mobile_app,0,android,,PL,IE,GB,1,0,1,2,0,yahoo.com,standard,0,0
PR000000574,1/13/2026,C002510,22,2694,0,M000038,marketplace,0.46092243974165137,40.15,EUR,wallet,web,0,android,7768aaed9d9b41ea,GB,ES,IE,1,0,1,2,0,outlook.com,standard,0,0
PR000000575,1/13/2026,C000150,26,1750,0,M000006,digital_goods,0.641238231,67.77,EUR,card,web,0,macos,506cd1088f526c46,DE,NL,IE,1,0,0,2,0,proton.me,standard,0,0
PR000000576,1/13/2026,C000492,57,1181,1,M000198,electronics,0.5851816285360788,30.53,EUR,bank_transfer,web,0,android,46dbfe5f568bbabd,GB,IE,NL,1,0,2,2,0,gmail.com,standard,0,0
PR000000577,1/13/2026,C002517,48,3000,0,M000268,services,0.40578452388827885,24.53,EUR,card,pos,1,ios,25b195095489a482,GB,GB,IT,1,0,,1,0,outlook.com,standard,0,0
PR000000578,1/13/2026,C000391,38,256,0,M000382,grocery,0.3050072276267289,45.1,EUR,bank_transfer,web,0,ios,f53a7d67ec78e6ca,IT,FR,IE,1,0,0,1,0,business.com,standard,0,0
PR000000579,1/13/2026,C000368,58,2258,0,M000255,utilities,0.18790373082326994,57.09,GBP,card,web,0,linux,2c94e4cc8bcb693c,GB,PL,IE,1,0,1,2,0,yahoo.com,standard,0,0
PR000000580,1/13/2026,C001017,56,2207,0,M000321,telecoms,0.34785168194350186,12.4,GBP,card,mobile_app,0,android,ed25c2bdf0171832,IE,FR,DE,1,0,0,2,0,outlook.com,standard,0,0
PR000000581,1/13/2026,C002193,64,3069,0,M000391,electronics,0.5936323134480579,26.84,USD,card,mobile_app,0,android,46384d5a6047fa03,NL,NL,PL,1,0,0,1,0,yahoo.com,subscription,0,0
PR000000582,1/13/2026,C001151,60,1984,0,M000426,health,0.33043532168469353,26.4,GBP,card,mobile_app,0,android,c2dd5a70ee2505c5,FR,GB,GB,1,0,1,0,0,gmail.com,standard,0,0
PR000000583,1/13/2026,C001115,38,3414,0,M000346,travel,0.5174377115399855,88.35,EUR,card,web,0,android,368f84b106edfb65,IE,IE,IE,0,0,,3,0,outlook.com,standard,0,0
PR000000584,1/13/2026,C002524,60,987,0,M000195,marketplace,0.3322929747851154,20.18,USD,card,web,0,windows,777652d86543a202,IE,SE,IE,1,0,0,2,0,business.com,standard,0,0
PR000000585,1/13/2026,C002005,25,51,0,M000027,health,0.2577658029607987,21.59,EUR,card,mobile_app,0,windows,edd30238b9277e76,GB,PL,BR,1,0,0,1,1,student.edu,standard,0,0
PR000000586,1/13/2026,C002453,58,2833,1,M000416,services,0.2195719745508284,48.38,EUR,bank_transfer,web,0,ios,396470f773c8edd0,IE,IT,US,1,0,0,3,0,gmail.com,standard,0,0
PR000000587,1/13/2026,C001617,56,3176,0,M000225,telecoms,0.581904488,37.89,GBP,card,mobile_app,0,ios,aa188224820f108e,IE,IE,GB,1,0,1,0,0,yahoo.com,gift_cards,0,0
PR000000588,1/13/2026,C001576,42,671,0,M000105,marketplace,0.6417197419458888,118.49,EUR,card,pos,1,windows,95ea7008bcf8ff9d,DE,IE,IE,1,0,0,1,1,business.com,standard,1,0
PR000000589,1/13/2026,C000880,47,241,0,M000246,electronics,0.5999572002790604,114.41,EUR,card,pos,1,android,cc413759872742f3,GB,PL,IE,1,0,0,2,1,yahoo.com,standard,0,0
PR000000590,1/13/2026,C001923,61,3328,0,M000093,grocery,0.10045952435243488,24.11,GBP,card,mobile_app,0,macos,788776bbff00e14d,IE,NL,SE,1,0,,1,0,outlook.com,standard,0,0
PR000000591,1/13/2026,C000599,42,2304,0,M000433,services,0.38237978813171314,22.26,EUR,card,web,0,ios,407cd6fb27e989a0,ES,GB,GB,1,0,1,1,0,outlook.com,standard,0,0
PR000000592,1/13/2026,C002358,36,1275,1,M000413,travel,0.6272759286005835,129.89,GBP,card,web,0,ios,c41f4032e1447a1d,GB,IE,US,1,0,0,4,0,outlook.com,standard,0,0
PR000000593,1/13/2026,C000681,26,1688,0,M000183,telecoms,0.4503819463051577,69.5,EUR,card,web,0,ios,cce258c5cdba1450,GB,IE,IE,1,0,1,4,0,outlook.com,standard,0,0
PR000000594,1/13/2026,C000941,73,3602,0,M000042,digital_goods,0.8000296326307366,67.69,EUR,card,web,0,android,98e8540bc47fcbeb,IE,US,US,1,0,0,2,0,gmail.com,gift_cards,1,0
PR000000595,1/13/2026,C000254,66,2702,0,M000110,marketplace,0.47841135642468313,10.89,EUR,card,mobile_app,0,windows,32c81d7fcdc3e18f,IE,IE,PL,1,0,1,1,0,gmail.com,standard,0,0
PR000000596,1/13/2026,C001993,66,2955,1,M000108,grocery,0.26466132441412893,15.07,GBP,card,pos,1,ios,d5c3608c04687592,IE,US,IE,1,0,3,2,0,icloud.com,gift_cards,0,0
PR000000597,1/13/2026,C001395,50,1363,0,M000270,fashion,0.49606340727266374,42.63,GBP,card,web,0,android,,PL,FR,IE,1,0,1,1,0,icloud.com,standard,0,0
PR000000598,1/13/2026,C001630,52,3250,0,M000361,utilities,0.2636659886200625,125,EUR,card,web,0,ios,683a85c920f85226,IE,GB,IT,1,0,0,6,0,outlook.com,gift_cards,0,0
PR000000599,1/13/2026,C001471,74,12,0,M000285,travel,0.7508054403443862,17.1,GBP,wallet,web,0,windows,5ac5b473d1b42be7,GB,DE,IE,1,1,2,8,0,outlook.com,standard,0,1
PR000000600,1/13/2026,C000675,38,3454,0,M000124,utilities,0.17016630997550247,144.89,EUR,card,web,0,windows,8109c045c9b9c6d2,IE,IE,GB,1,0,0,3,0,gmail.com,standard,0,0
PR000000601,1/13/2026,C001527,38,129,0,M000300,restaurants,0.3420721221879083,77.98,EUR,card,web,0,windows,2ea3726bfc86b70d,IE,DE,FR,1,0,0,6,0,gmail.com,standard,0,0
PR000000602,1/13/2026,C002392,57,2274,0,M000011,digital_goods,0.6275003757447081,67.46,USD,card,mobile_app,0,windows,,DE,IT,DE,1,1,4,7,0,icloud.com,standard,0,1
PR000000603,1/13/2026,C002307,34,1299,0,M000093,grocery,0.04701379,40.03,GBP,card,mobile_app,0,ios,226276f23901e9b4,NL,DE,NL,1,0,0,1,0,gmail.com,standard,0,0
PR000000604,1/13/2026,C000854,25,2804,0,M000285,utilities,0.34534967600282696,75.09,GBP,card,pos,1,linux,c424f7be2043ff25,IE,US,IT,1,0,0,1,0,yahoo.com,standard,0,0
PR000000605,1/13/2026,C000063,25,260,0,M000362,grocery,0.22431196546508125,13.49,EUR,card,mobile_app,0,linux,af5ae854cc9af850,GB,IE,IE,1,0,0,2,0,gmail.com,standard,0,0
PR000000606,1/13/2026,C000120,79,698,0,M000234,electronics,0.7028523569206467,35.55,EUR,card,web,0,android,ef50bdadd95c6e20,DE,ES,IE,1,0,0,2,0,business.com,standard,0,0
PR000000607,1/13/2026,C000856,40,1661,0,M000163,health,0.1280757247610109,39.43,EUR,card,web,0,android,628937136beca556,IT,IE,PL,1,0,0,2,0,gmail.com,standard,0,0
PR000000608,1/14/2026,C001519,67,616,0,M000096,telecoms,0.32766779293334325,32.37,USD,card,web,0,ios,5445b708c11ed708,ES,IE,FR,1,0,0,4,0,icloud.com,standard,0,0
PR000000609,1/14/2026,C000205,63,2058,0,M000251,digital_goods,0.7410349412105729,36.41,EUR,card,mobile_app,0,ios,47d0b4124b60f224,DE,ES,IE,1,1,1,13,0,gmail.com,gift_cards,0,1
PR000000610,1/14/2026,C000162,33,1128,0,M000442,grocery,0.31035321434698326,43.78,EUR,card,mobile_app,0,android,516541d408c2479a,GB,US,IE,1,0,1,0,0,proton.me,standard,0,0
PR000000611,1/14/2026,C001486,47,1481,0,M000450,health,0.20512440812388474,45.29,EUR,wallet,web,0,ios,25d85fe4227284e2,NL,GB,IE,1,0,1,4,0,outlook.com,standard,0,0
PR000000612,1/14/2026,C001252,57,5,0,M000413,fashion,0.3571929901907817,17.59,GBP,card,web,0,android,e68f37db05512690,NL,IE,GB,1,0,1,3,0,gmail.com,standard,0,0
PR000000613,1/14/2026,C002097,61,2651,0,M000259,restaurants,0.2337938791000182,110.13,EUR,card,web,0,linux,6060d12cf09998d3,GB,DE,PL,1,0,1,3,0,outlook.com,standard,0,0
PR000000614,1/14/2026,C000241,24,3563,0,M000312,health,0.42804884519971437,16.35,EUR,bank_transfer,web,0,ios,,DE,GB,IT,1,0,1,4,0,yahoo.com,standard,0,0
PR000000615,1/14/2026,C000895,71,674,0,M000182,utilities,0.24436550106755528,30.56,EUR,card,web,0,macos,0de7e249a238f6d2,IE,GB,NL,1,1,3,9,0,business.com,standard,0,1
PR000000616,1/14/2026,C000046,36,3074,0,M000160,utilities,0.3061680162826614,7.45,EUR,card,web,0,ios,0bd104d0857cc854,NL,IT,US,1,0,1,3,0,icloud.com,standard,0,0
PR000000617,1/14/2026,C001122,52,506,0,M000325,health,0.15289605556392588,26.66,GBP,wallet,web,0,ios,,DE,IE,DE,1,0,0,2,0,student.edu,standard,0,0
PR000000618,1/14/2026,C002317,79,2268,0,M000184,services,0.2742323559262145,58.79,GBP,bank_transfer,web,0,linux,f942f454413beb2a,GB,PL,NL,1,0,0,1,0,outlook.com,subscription,0,0
PR000000619,1/14/2026,C000553,43,2830,0,M000172,health,0.4065571349114092,139.15,EUR,wallet,mobile_app,0,android,44a16d5ca4bf2771,ES,IT,DE,1,0,0,0,0,gmail.com,subscription,0,0
PR000000620,1/14/2026,C000384,37,457,0,M000439,electronics,0.5404310517727555,41.82,EUR,wallet,web,0,android,,IE,DE,IE,1,0,0,7,0,gmail.com,standard,0,0
PR000000621,1/14/2026,C001852,68,143,0,M000355,marketplace,0.5926989797588104,33.91,EUR,card,web,0,macos,5bafe6fca0fbc616,IE,IT,GB,1,0,0,6,0,gmail.com,standard,0,0
PR000000622,1/14/2026,C000862,29,2168,0,M000233,fashion,0.10005285907813283,12.62,EUR,card,pos,1,windows,,DE,US,US,1,0,1,1,0,student.edu,standard,0,0
PR000000623,1/14/2026,C001554,47,186,0,M000414,grocery,0.12782714798541545,34.44,EUR,card,web,0,linux,5c157a133086c069,FR,IE,ES,1,1,2,6,0,gmail.com,standard,0,1
PR000000624,1/14/2026,C000785,33,1594,0,M000122,digital_goods,0.7860775161525739,78.67,USD,card,pos,1,android,5906255705f6c991,IE,DE,IE,1,1,3,3,0,gmail.com,standard,0,0
PR000000625,1/14/2026,C002598,20,1969,0,M000383,fashion,,14.57,EUR,card,web,0,ios,81fead85565eca2a,NL,DE,IE,1,0,0,4,0,yahoo.com,standard,0,0
PR000000626,1/14/2026,C001533,30,125,0,M000055,electronics,0.6380756823333265,23.24,EUR,card,pos,1,windows,303492f08d2e0e99,DE,FR,DE,1,0,1,2,0,gmail.com,standard,0,0
PR000000627,1/14/2026,C000339,66,1223,0,M000279,grocery,,43.25,EUR,card,pos,1,android,90dc07b0be42650c,DE,DE,IE,1,0,1,2,0,gmail.com,standard,0,0
PR000000628,1/14/2026,C002097,47,2945,0,M000113,grocery,0.24179242131209153,59.97,GBP,card,mobile_app,0,android,a0da125e2ba26afc,GB,IE,DE,1,0,0,0,0,business.com,standard,0,0
PR000000629,1/14/2026,C000479,25,50,0,M000370,utilities,0.22889445384604307,18.28,EUR,card,web,0,android,,IE,US,IE,1,0,1,2,0,icloud.com,standard,0,0
PR000000630,1/14/2026,C002015,25,3628,0,M000317,gaming,0.5851760179003241,101.93,EUR,card,mobile_app,0,macos,806b7a8e2a83865a,PL,IE,IE,1,0,0,3,0,outlook.com,subscription,0,0
PR000000631,1/14/2026,C001386,32,3081,0,M000280,fashion,0.471927931,32.89,EUR,card,pos,1,ios,586e4ad141bd2694,GB,GB,ES,1,0,0,3,0,gmail.com,standard,0,0
PR000000632,1/14/2026,C001642,60,1958,0,M000173,gaming,0.5718694680280472,28.21,EUR,card,web,0,android,ec163c478fb4efc1,SE,IE,IT,1,0,0,2,0,gmail.com,standard,0,0
PR000000633,1/14/2026,C001039,30,376,0,M000295,grocery,0.13543131340961684,19.79,GBP,card,mobile_app,0,ios,,IE,IE,IE,0,0,0,4,0,gmail.com,standard,0,0
PR000000634,1/14/2026,C002559,40,999,0,M000311,electronics,0.5410576436711436,22.43,GBP,card,web,0,android,ce3670422497ab4c,IE,FR,IE,1,0,0,5,0,proton.me,standard,0,0
PR000000635,1/14/2026,C002057,38,3556,1,M000142,telecoms,0.42680894807443287,24.07,USD,card,pos,1,ios,7cf01d1753074b88,IE,IT,US,1,0,1,2,0,yahoo.com,standard,0,0
PR000000636,1/14/2026,C002344,70,1708,0,M000164,digital_goods,0.47189887194003133,23.76,GBP,card,in_app,1,windows,a72dc558bf061892,IE,DE,US,1,0,0,2,0,gmail.com,gift_cards,0,0
PR000000637,1/14/2026,C002332,79,1949,0,M000004,restaurants,0.45899707337511364,14.72,EUR,card,pos,1,android,18b5bdc31cc8db9d,PL,US,IE,1,0,0,1,0,gmail.com,standard,0,0
PR000000638,1/14/2026,C000008,21,1038,0,M000134,fashion,0.37749195108772154,23.65,EUR,bank_transfer,web,0,ios,28df48403b3612a3,NL,IE,GB,1,0,0,2,0,business.com,standard,1,0
PR000000639,1/14/2026,C000061,72,3336,0,M000184,electronics,0.5734230163343395,43.68,EUR,card,web,0,android,265020acc255bcdb,DE,US,DE,1,0,0,3,0,outlook.com,subscription,0,0
PR000000640,1/14/2026,C001692,69,433,0,M000046,fashion,0.46144337865514745,37.63,GBP,card,web,0,macos,2a7e5e28746cbb0f,IE,IE,IT,1,0,0,3,0,gmail.com,subscription,0,0
PR000000641,1/14/2026,C001749,38,1775,1,M000032,restaurants,0.4009345454490208,96.36,USD,card,web,0,android,9f870883ad114788,FR,GB,IE,1,0,1,5,0,gmail.com,subscription,0,0
PR000000642,1/14/2026,C001942,38,1106,0,M000156,health,0.1978064653148761,81.12,EUR,card,web,0,ios,4ae9597531778d65,DE,GB,IT,1,0,1,6,0,gmail.com,standard,0,0
PR000000643,1/14/2026,C001537,60,1081,0,M000029,electronics,0.5769725012600102,27.71,EUR,card,web,0,android,6a93f4f742f6dc9d,GB,DE,SE,1,1,0,6,0,gmail.com,standard,0,0
PR000000644,1/14/2026,C001503,53,427,1,M000306,telecoms,0.39836457564227884,65.34,GBP,card,web,0,ios,12ddbef244cb50ef,GB,IE,PL,1,1,1,6,0,student.edu,standard,0,1
PR000000645,1/14/2026,C002022,67,1284,0,M000378,grocery,0.3917691928310548,21.82,EUR,card,mobile_app,0,android,95b40c03944280b8,NL,GB,GB,1,0,0,5,0,gmail.com,standard,0,0
PR000000646,1/14/2026,C002506,21,1456,0,M000247,health,0.29709829338797994,7.41,EUR,card,in_app,0,ios,,US,FR,FR,1,0,0,6,0,yahoo.com,standard,0,0
PR000000647,1/14/2026,C000669,28,661,0,M000030,health,0.43388194645948663,20.7,EUR,card,web,0,ios,e627469f2ba3fa26,ES,IT,NL,1,0,1,4,0,gmail.com,standard,0,0
PR000000648,1/14/2026,C000579,74,607,0,M000422,gaming,,49.62,EUR,bank_transfer,mobile_app,0,macos,ff7582ee8b1f49c0,IE,IE,IE,0,0,0,3,0,student.edu,standard,0,0
PR000000649,1/14/2026,C001334,49,3077,0,M000016,fashion,0.5029408366126984,10.26,EUR,card,web,0,ios,e7d9449f80cff1de,PL,SE,GB,1,0,0,6,0,gmail.com,subscription,0,0
PR000000650,1/14/2026,C000733,25,2453,0,M000299,travel,0.6153881821400726,28.09,USD,card,web,0,android,28c9d35f84fc1dd1,FR,US,NL,1,0,0,3,0,outlook.com,standard,0,0
PR000000651,1/14/2026,C001709,62,3317,0,M000125,restaurants,0.43898001816622473,28.07,EUR,card,in_app,0,android,b3baa70b0eaeb7f6,GB,NL,IE,1,0,2,2,0,icloud.com,standard,0,0
PR000000652,1/14/2026,C002116,26,2863,0,M000430,grocery,0.137310621,27.37,EUR,card,web,0,android,78c6b88369cf2b83,PL,IE,DE,1,0,1,3,0,gmail.com,standard,0,0
PR000000653,1/14/2026,C000580,73,3136,0,M000332,gaming,0.3993294518422044,34.63,EUR,card,web,0,ios,38765fbe2803409d,US,PL,US,1,1,1,4,0,gmail.com,standard,0,1
PR000000654,1/14/2026,C001444,52,748,0,M000473,grocery,0.069072655,140.29,EUR,card,web,0,ios,9a543ad0ffd9e63e,IE,IE,GB,1,0,0,3,0,student.edu,standard,0,0
PR000000655,1/14/2026,C002428,45,3037,0,M000383,digital_goods,0.6955924303639545,45.42,GBP,wallet,web,0,macos,cbdbd940835be3c1,GB,IT,US,1,0,0,5,0,outlook.com,standard,0,0
PR000000656,1/14/2026,C000814,25,2988,0,M000391,services,,26.56,GBP,card,pos,1,linux,d1f55b0e17c0cb22,US,IE,ES,1,1,1,4,0,icloud.com,gift_cards,0,0
PR000000657,1/14/2026,C000407,49,1399,0,M000409,fashion,0.2617183457582591,28.8,GBP,card,web,0,ios,784aa422d53291ec,IT,IE,IE,1,0,,2,0,business.com,standard,0,0
PR000000658,1/14/2026,C001049,76,162,0,M000194,travel,,25.53,EUR,bank_transfer,pos,1,ios,55876a8955e007df,FR,US,ES,1,0,0,2,0,gmail.com,gift_cards,0,0
PR000000659,1/14/2026,C000859,48,3378,0,M000147,marketplace,0.6548319114851819,161.52,GBP,card,mobile_app,0,ios,84f23cfe13696205,IE,GB,GB,1,0,1,1,0,gmail.com,standard,0,0
PR000000660,1/15/2026,C001110,68,434,0,M000271,services,0.28904926130903535,30.96,EUR,card,web,0,ios,9794dcbbe9357437,SE,IE,IT,1,0,1,3,0,gmail.com,gift_cards,0,0
PR000000661,1/15/2026,C000429,57,3135,0,M000228,services,0.2549283590257578,43.82,GBP,bank_transfer,web,0,android,43102706674f7993,DE,IE,IE,1,0,0,4,1,gmail.com,standard,0,0
PR000000662,1/15/2026,C001453,77,2543,0,M000470,travel,0.7403284855835814,52.78,EUR,card,in_app,0,android,0da269effd7b44a3,SE,IT,PL,1,0,0,0,0,business.com,standard,0,0
PR000000663,1/15/2026,C001062,57,30,0,M000383,marketplace,0.32476453885815326,7.81,EUR,card,mobile_app,0,android,686364eb51b1e8c9,US,IE,PL,1,0,0,4,0,gmail.com,standard,0,0
PR000000664,1/15/2026,C000246,66,2620,0,M000013,fashion,0.3163861115579614,57.53,EUR,card,web,0,ios,21049ced28db7d77,IE,IE,US,1,0,0,4,0,outlook.com,standard,0,0
PR000000665,1/15/2026,C001054,41,277,0,M000458,restaurants,0.052873149,39.54,EUR,card,web,0,ios,a3d67ef429e245e8,PL,FR,IE,1,1,2,9,0,gmail.com,gift_cards,1,1
PR000000666,1/15/2026,C002297,62,2928,0,M000188,electronics,0.5754566877193532,7.43,USD,card,in_app,0,linux,,DE,GB,IE,1,0,1,2,0,gmail.com,standard,0,0
PR000000667,1/15/2026,C002256,66,3084,0,M000317,gaming,0.31464495427173106,59.33,GBP,card,web,0,android,211bc44f0d12bc3d,DE,IE,DE,1,0,2,3,0,outlook.com,standard,0,0
PR000000668,1/15/2026,C000298,45,1128,0,M000173,services,0.38754173125885855,32.48,EUR,card,mobile_app,0,linux,,IE,IE,IE,0,0,0,0,0,business.com,gift_cards,0,0
PR000000669,1/15/2026,C002117,41,2641,0,M000211,fashion,0.10334495408834016,18.6,EUR,card,mobile_app,0,android,6e5284d1088f26b3,GB,DE,DE,1,0,0,2,0,gmail.com,standard,0,0
PR000000670,1/15/2026,C000589,69,929,0,M000291,services,0.24249847422729348,16.96,USD,card,web,0,macos,64ae292ddee6d777,PL,IE,IE,1,0,0,4,0,outlook.com,standard,0,0
PR000000671,1/15/2026,C001530,78,781,0,M000170,services,,21.43,EUR,card,pos,1,android,d5f768bc6d222feb,ES,GB,IE,1,0,0,3,0,business.com,standard,0,0
PR000000672,1/15/2026,C000303,57,3410,0,M000377,marketplace,0.38337497779870394,39.32,EUR,card,web,0,ios,,FR,GB,DE,1,1,0,4,0,outlook.com,standard,0,0
PR000000673,1/15/2026,C000399,66,2108,0,M000261,marketplace,0.6553666365154488,28.05,EUR,card,in_app,0,ios,ba25a57e48284f02,GB,IE,FR,1,0,1,4,0,icloud.com,standard,0,0
PR000000674,1/15/2026,C001091,40,2691,0,M000224,fashion,,9.2,EUR,card,pos,1,macos,c8d57a0cc112b32e,DE,FR,FR,1,0,0,3,0,icloud.com,standard,0,0
PR000000675,1/15/2026,C001881,50,434,0,M000384,gaming,0.5670937041150886,29.3,EUR,card,web,0,macos,ff967b0a5501cdb8,IT,IE,DE,1,0,0,3,0,business.com,standard,0,0
PR000000676,1/15/2026,C002328,62,3013,1,M000391,restaurants,0.23745914704053875,74.55,EUR,card,web,0,windows,,GB,DE,IT,1,0,0,3,0,gmail.com,subscription,0,0
PR000000677,1/15/2026,C000732,35,2976,0,M000391,health,0.2672851657184048,31.35,USD,card,pos,1,windows,52d1396d314dced5,IE,GB,DE,1,0,0,0,0,gmail.com,standard,0,0
PR000000678,1/15/2026,C001078,72,636,0,M000155,telecoms,0.19073778905042496,63.71,EUR,card,mobile_app,0,macos,986e2181645e1d87,IT,DE,SE,1,0,1,3,0,outlook.com,standard,0,0
PR000000679,1/15/2026,C001134,40,2453,0,M000024,electronics,0.727282335,62.19,EUR,card,web,0,ios,2a2701ff5cf705a7,PL,GB,FR,1,0,2,5,0,outlook.com,subscription,0,0
PR000000680,1/15/2026,C000366,52,101,0,M000435,utilities,0.15557977799405237,64.88,EUR,card,web,0,ios,b558468a81e69c31,SE,GB,PL,1,0,0,2,0,business.com,subscription,0,0
PR000000681,1/15/2026,C002517,74,2697,0,M000426,fashion,0.20190528649757947,13.81,GBP,card,pos,1,android,91ec4c093ce86e3d,FR,GB,IE,1,0,0,4,0,yahoo.com,subscription,0,0
PR000000682,1/15/2026,C002545,43,1869,0,M000161,health,0.13750896079633115,33.1,EUR,card,mobile_app,0,android,6271d78f6e3e6f09,GB,FR,IE,1,0,0,2,0,gmail.com,standard,0,0
PR000000683,1/15/2026,C000157,63,1574,0,M000227,gaming,0.4994602698694312,101.42,EUR,card,web,0,ios,3d21f0ad503b91dd,US,FR,NL,1,0,0,4,0,gmail.com,standard,0,0
PR000000684,1/15/2026,C001127,54,196,0,M000467,digital_goods,0.5186942204999127,26.34,EUR,card,mobile_app,0,android,92ecb08afb9696b4,IE,IE,IE,0,0,0,0,0,business.com,standard,0,0
PR000000685,1/15/2026,C000471,48,704,1,M000034,services,0.29102048774996714,29.39,USD,card,web,0,ios,f16ae6768a73118e,US,IT,DE,1,0,2,1,0,icloud.com,subscription,0,0
PR000000686,1/15/2026,C001380,19,193,0,M000213,utilities,0.071527243,20.01,GBP,card,pos,1,android,840a64d9c2ccc5de,IE,ES,DE,1,0,0,0,0,student.edu,standard,0,0
PR000000687,1/15/2026,C000892,79,775,0,M000233,restaurants,0.21411248473256667,36.05,EUR,bank_transfer,mobile_app,0,ios,ef71268bfbd6a9e2,IE,IE,US,1,0,1,4,1,gmail.com,standard,0,1
PR000000688,1/15/2026,C001022,28,2996,0,M000390,telecoms,0.33077144951609266,46.56,EUR,bank_transfer,mobile_app,0,macos,87dea2fe0e1f1528,GB,IE,IE,1,0,1,2,0,,standard,0,0
PR000000689,1/15/2026,C001401,65,2005,0,M000187,health,0.31640869937130156,62.59,EUR,card,web,0,windows,ea360111374a7321,IE,US,IE,1,0,3,4,0,outlook.com,standard,0,1
PR000000690,1/15/2026,C001979,75,263,0,M000308,grocery,0.19470229874491146,63.16,EUR,card,web,0,android,f54fd91df51e613d,US,GB,IT,1,0,2,3,1,gmail.com,standard,0,1
PR000000691,1/15/2026,C001063,29,1888,0,M000139,telecoms,0.18224021992392395,47.15,EUR,wallet,mobile_app,0,ios,502d53e12162b67f,PL,IE,BR,1,0,0,2,0,business.com,standard,0,0
PR000000692,1/16/2026,C001433,76,2380,1,M000176,health,,40.44,EUR,card,mobile_app,0,android,,FR,DE,IE,1,0,1,6,0,outlook.com,standard,0,0
PR000000693,1/16/2026,C000178,40,1612,0,M000011,marketplace,0.6532392567097877,73.74,GBP,card,mobile_app,0,android,a5bf32f4d6adaa1f,GB,GB,IE,1,0,0,1,0,outlook.com,standard,0,0
PR000000694,1/16/2026,C000293,43,297,0,M000073,digital_goods,0.5774368172170177,41.56,EUR,card,mobile_app,0,linux,,IE,SE,US,1,0,0,3,0,outlook.com,standard,0,0
PR000000695,1/16/2026,C002438,39,2253,0,M000421,utilities,0.3401469642433189,15.9,USD,bank_transfer,mobile_app,0,windows,bf2f2d9c310df181,GB,IE,GB,1,0,1,0,0,gmail.com,standard,0,0
PR000000696,1/16/2026,C002239,55,2290,0,M000349,utilities,0.29021861353991674,28.62,EUR,card,web,0,android,51d00f5ffa022cbd,IE,IE,PL,1,0,1,4,0,gmail.com,standard,0,0
PR000000697,1/16/2026,C000461,41,2587,0,M000278,fashion,,93.85,EUR,card,in_app,1,android,,GB,DE,FR,1,0,1,4,0,icloud.com,standard,0,0
PR000000698,1/16/2026,C001829,59,195,0,M000270,services,,26.84,GBP,card,mobile_app,0,windows,0f923065c9b0f84f,US,GB,NL,1,0,1,4,0,yahoo.com,standard,0,0
PR000000699,1/16/2026,C000069,40,2077,0,M000265,grocery,0.1723177780083165,53.37,EUR,bank_transfer,mobile_app,0,ios,e1b7931c8e9e9485,NL,DE,IE,1,0,0,4,0,gmail.com,gift_cards,0,0
PR000000700,1/16/2026,C000999,22,3265,0,M000365,digital_goods,0.7370079028304992,28.01,GBP,card,pos,1,macos,d3ccb4020e201093,IE,FR,IT,1,0,1,2,0,gmail.com,gift_cards,0,0
PR000000701,1/16/2026,C001713,78,3196,1,M000291,fashion,0.26003084747343835,17.45,EUR,wallet,web,0,android,0d0c8e1448c66a32,FR,GB,NL,1,0,1,1,0,business.com,standard,0,0
PR000000702,1/16/2026,C001784,67,3638,0,M000137,marketplace,0.5886654198261945,17.86,EUR,card,mobile_app,0,ios,25f51cdde83cd667,FR,IT,BR,1,0,0,1,0,gmail.com,gift_cards,0,0
PR000000703,1/16/2026,C001203,20,2337,0,M000353,gaming,0.3989775005670495,18.38,USD,card,mobile_app,0,linux,528c3718213cd5d3,IE,GB,BR,1,0,0,3,0,business.com,standard,0,0
PR000000704,1/16/2026,C002199,26,1509,0,M000412,utilities,0.24028820680682175,78.7,EUR,bank_transfer,web,0,ios,,DE,GB,DE,1,0,1,5,0,,standard,0,0
PR000000705,1/16/2026,C000135,56,3649,0,M000013,services,0.42764278600815964,58.19,EUR,card,pos,1,ios,a369f1d977db814d,DE,PL,GB,1,0,0,2,0,gmail.com,subscription,0,0
PR000000706,1/16/2026,C002532,41,2907,0,M000233,utilities,,32.87,EUR,card,web,0,windows,f151ea5403ce192d,IT,GB,FR,1,0,0,4,0,proton.me,standard,0,0
PR000000707,1/16/2026,C001894,68,588,0,M000217,health,0.019438922553466353,31.4,GBP,card,web,0,ios,afb6284e35b9f9f3,IE,GB,IT,1,0,1,1,0,business.com,standard,0,0
PR000000708,1/16/2026,C002284,45,1520,0,M000457,fashion,0.38778722329341586,100.98,EUR,card,web,0,windows,,SE,ES,IE,1,0,0,4,0,gmail.com,standard,0,0
PR000000709,1/16/2026,C002090,23,984,0,M000318,travel,0.6780275177081975,34.87,GBP,card,web,0,ios,197acabce14463ff,IE,IE,GB,1,0,0,4,0,business.com,standard,0,0
PR000000710,1/16/2026,C001402,39,491,0,M000381,services,0.2407622440294361,21.34,EUR,wallet,web,0,android,15d9982d3de645aa,IE,IE,GB,1,0,1,3,0,business.com,standard,0,0
PR000000711,1/16/2026,C000935,72,2329,0,M000088,gaming,0.4512162136717345,56.04,GBP,card,web,0,windows,25e5efd40707b829,IE,GB,ES,1,0,1,2,0,yahoo.com,standard,0,0
PR000000712,1/16/2026,C001673,62,3479,0,M000172,grocery,0.4580781031635167,67.41,EUR,card,mobile_app,0,macos,0082489f25f65006,PL,US,GB,1,0,1,0,0,icloud.com,standard,0,0
PR000000713,1/16/2026,C000705,46,1712,0,M000468,services,0.25431179491370326,25.41,EUR,card,mobile_app,0,ios,1311684e40cbb2be,ES,IE,ES,1,0,0,3,0,yahoo.com,standard,0,0
PR000000714,1/16/2026,C001723,53,1568,1,M000339,restaurants,0.42618250247325806,40.58,USD,card,web,0,android,5d7679b313c33126,IT,DE,IE,1,0,2,1,0,icloud.com,standard,0,0
PR000000715,1/16/2026,C001843,78,3098,0,M000083,electronics,0.4908267358587471,97.81,EUR,bank_transfer,pos,1,windows,8f672c3b8fce35b9,IE,GB,ES,1,0,0,4,0,outlook.com,standard,0,0
PR000000716,1/16/2026,C000615,21,2923,0,M000177,electronics,0.32744270013831506,56.33,EUR,card,mobile_app,0,windows,,IE,NL,PL,1,0,2,3,0,proton.me,standard,0,0
PR000000717,1/16/2026,C001612,70,3110,1,M000159,restaurants,0.01,42.91,GBP,bank_transfer,mobile_app,0,ios,e214f23c651921bc,US,DE,ES,1,0,1,2,0,proton.me,gift_cards,0,0
PR000000718,1/16/2026,C001722,76,2958,0,M000078,services,0.27249961432841313,50.57,EUR,card,pos,1,android,ae8daecfcecaec11,DE,SE,PL,1,0,0,3,0,gmail.com,gift_cards,0,0
PR000000719,1/16/2026,C000921,19,6,0,M000014,utilities,0.3266781985890242,52.7,EUR,card,web,0,windows,1f462adcef046e2e,IE,GB,BR,1,0,0,5,0,gmail.com,subscription,0,0
PR000000720,1/16/2026,C000963,24,2577,0,M000374,health,0.3683437088887106,57.7,EUR,card,mobile_app,0,ios,a7aeca77fafb7d2e,IE,FR,US,1,0,0,1,0,business.com,standard,0,0
PR000000721,1/16/2026,C000214,27,1743,0,M000345,restaurants,0.1175968389255572,32.77,EUR,card,web,0,ios,319f4a933f446136,IE,IE,GB,1,1,2,3,0,gmail.com,standard,0,1
PR000000722,1/16/2026,C002140,73,1761,0,M000253,grocery,0.17468606451531243,77.85,EUR,card,web,0,macos,147334fe613ac4a3,DE,GB,PL,1,0,0,3,0,gmail.com,standard,0,0
PR000000723,1/16/2026,C000732,63,1349,0,M000251,marketplace,0.44406712254550723,113.16,EUR,card,mobile_app,0,ios,50be7fe1c3e3a6b2,DE,GB,IE,1,0,0,2,0,yahoo.com,standard,0,0
PR000000724,1/16/2026,C000536,33,1796,0,M000280,gaming,0.5704154897499354,29.87,EUR,bank_transfer,web,0,macos,5cac639b15288c52,FR,DE,ES,1,0,,0,0,business.com,standard,0,0
PR000000725,1/16/2026,C000495,69,3407,0,M000391,travel,0.7600878286132728,16.36,EUR,card,mobile_app,0,android,490d8e447b632a80,US,PL,IT,1,0,0,1,0,gmail.com,standard,0,0
PR000000726,1/16/2026,C001364,32,1271,1,M000112,digital_goods,0.5203919064071738,47.39,USD,wallet,mobile_app,0,ios,38cacb40d3ab1820,US,NL,GB,1,0,0,2,0,icloud.com,standard,0,0
PR000000727,1/16/2026,C000557,73,3312,0,M000421,fashion,0.3832967454213132,125.21,EUR,card,pos,1,ios,39b32ed5d36ea3ff,IE,IE,DE,1,0,0,3,0,gmail.com,gift_cards,0,0
PR000000728,1/16/2026,C001957,42,3550,0,M000204,travel,0.5715449236112824,36.97,EUR,bank_transfer,mobile_app,0,android,b59f36c9f8d85c99,PL,IE,FR,1,1,2,1,0,gmail.com,standard,0,1
PR000000729,1/16/2026,C001592,66,1085,0,M000093,health,,25.38,EUR,card,web,0,windows,2d497d428e0b37d6,SE,IE,FR,1,0,0,3,0,icloud.com,standard,0,0
PR000000730,1/16/2026,C002082,52,2496,0,M000148,electronics,0.4782103198097214,35.93,USD,card,mobile_app,0,android,5a0c93fa8f93d5a7,IE,ES,DE,1,0,0,3,0,outlook.com,gift_cards,0,0
PR000000731,1/16/2026,C002085,22,3178,0,M000026,services,0.329066717,12.04,USD,card,mobile_app,0,android,d47b9a9024bd6ba9,ES,GB,US,1,0,0,2,0,gmail.com,standard,0,0
PR000000732,1/16/2026,C002499,27,362,0,M000088,gaming,0.6503136128667797,32.59,EUR,card,web,0,linux,,DE,IE,PL,1,0,1,5,0,outlook.com,gift_cards,0,0
PR000000733,1/16/2026,C002002,74,2403,0,M000078,marketplace,0.5660843,16.49,EUR,bank_transfer,web,0,android,39c77987e596116e,FR,IT,IE,1,0,1,7,0,business.com,standard,0,0
PR000000734,1/16/2026,C001670,55,2196,0,M000156,restaurants,0.2503431568146456,13.5,GBP,bank_transfer,web,0,ios,08b51ed2c76bb4a2,GB,GB,FR,1,0,1,9,0,gmail.com,standard,0,0
PR000000735,1/16/2026,C002093,43,1777,0,M000033,digital_goods,0.5255967448611771,45.59,EUR,card,web,0,windows,2ae0264cd3a8dba0,IE,DE,SE,1,0,1,2,0,icloud.com,subscription,0,0
PR000000736,1/16/2026,C001657,60,2273,0,M000384,restaurants,0.3058527054992234,140.89,EUR,card,web,0,windows,dbf28c388e032da3,DE,IE,GB,1,1,2,9,0,outlook.com,standard,0,1
PR000000737,1/16/2026,C001576,77,3244,0,M000253,digital_goods,0.5864892605644524,20.6,USD,card,mobile_app,0,android,abf003d84c44cdec,NL,IE,GB,1,0,0,1,0,outlook.com,standard,0,0
PR000000738,1/16/2026,C001391,18,2057,1,M000433,digital_goods,0.7366760675229711,29.08,EUR,card,web,0,ios,e86a5663ef5b1959,FR,IE,DE,1,0,0,7,0,outlook.com,standard,0,0
PR000000739,1/17/2026,C002203,72,1708,0,M000262,fashion,0.36108598540829084,83.23,EUR,card,web,0,ios,a3f76daf7d9f2577,FR,DE,DE,1,0,1,2,0,icloud.com,gift_cards,0,0
PR000000740,1/17/2026,C000528,59,3425,0,M000165,grocery,0.48250343717047395,41.49,EUR,card,web,0,windows,05cf7172c860371b,IE,IE,DE,1,1,1,8,0,business.com,standard,0,1
PR000000741,1/17/2026,C000711,65,3308,0,M000005,electronics,0.483263253,24.98,EUR,card,web,0,android,1557320093649952,GB,ES,GB,1,0,1,7,0,outlook.com,standard,0,0
PR000000742,1/17/2026,C000825,51,902,1,M000356,marketplace,0.28976779289745264,36.52,EUR,wallet,in_app,0,android,6285a16f75e3359b,IE,IE,DE,1,0,1,3,0,outlook.com,gift_cards,0,0
PR000000743,1/17/2026,C001737,71,2741,0,M000222,restaurants,0.20472418244488721,11.78,USD,bank_transfer,web,0,android,4ae2e392262617b2,DE,SE,IE,1,0,1,3,0,business.com,standard,0,0
PR000000744,1/17/2026,C001180,27,1925,0,M000305,services,0.1091588183809423,40.91,EUR,card,mobile_app,0,android,2fee69124ba515a2,NL,IT,US,1,0,0,3,0,yahoo.com,standard,0,0
PR000000745,1/17/2026,C002268,53,3129,0,M000162,gaming,0.27095905072478427,52.7,EUR,card,mobile_app,0,android,,IE,IT,PL,1,0,0,2,0,gmail.com,standard,0,0
PR000000746,1/17/2026,C001220,56,2974,0,M000440,electronics,0.5702295778787361,19.06,EUR,card,web,0,macos,f69f61c96a037cc2,GB,IE,DE,1,0,2,2,0,proton.me,standard,1,0
PR000000747,1/17/2026,C000175,70,1800,0,M000281,electronics,0.5934650339213613,18.06,EUR,card,web,0,android,2c0541110ca919a7,SE,IE,US,1,0,2,2,0,gmail.com,standard,0,0
PR000000748,1/17/2026,C001458,55,2617,1,M000328,marketplace,0.6036641395259578,18.63,EUR,card,web,0,linux,a8940f0270a032ab,ES,US,GB,1,0,0,3,0,gmail.com,standard,0,0
PR000000749,1/17/2026,C001368,55,3196,0,M000349,telecoms,0.3931444904440267,32.02,EUR,card,web,0,android,61378b8ad1e0020d,GB,IE,IE,1,0,1,0,0,outlook.com,standard,0,0
PR000000750,1/17/2026,C000384,29,1964,0,M000290,marketplace,0.35513534257269597,49.13,EUR,card,web,0,android,bfac418bde22e0d2,FR,IE,US,1,0,0,4,0,outlook.com,standard,0,0
PR000000751,1/17/2026,C000525,75,1148,0,M000399,health,0.40862617920524424,25.8,EUR,card,mobile_app,0,macos,861d9b181d0b4e82,ES,GB,IE,1,0,0,6,0,business.com,standard,0,0
PR000000752,1/17/2026,C001274,60,3133,0,M000158,electronics,0.42850370868240084,41.82,EUR,card,web,0,windows,c7334e620783f554,SE,GB,DE,1,0,1,4,0,student.edu,standard,0,0
PR000000753,1/17/2026,C002355,48,3119,0,M000366,restaurants,0.17015690396826855,33.42,EUR,card,pos,1,ios,a6fd651cb7ff3770,NL,IE,GB,1,0,1,3,0,icloud.com,gift_cards,0,0
PR000000754,1/17/2026,C001494,44,1690,0,M000162,health,0.3197342702315298,21.82,EUR,card,mobile_app,0,macos,24704689cd66a93a,NL,IE,IE,1,0,1,2,0,gmail.com,standard,0,0
PR000000755,1/17/2026,C000919,77,3538,0,M000103,gaming,0.3528162900898948,77.87,EUR,card,pos,1,ios,,IE,IE,IT,1,0,1,1,0,outlook.com,standard,0,0
PR000000756,1/17/2026,C000237,36,1954,0,M000231,services,0.22372323964291813,25.8,EUR,card,mobile_app,0,linux,d7645c883301af9b,FR,FR,ES,1,0,0,4,0,yahoo.com,gift_cards,0,0
PR000000757,1/17/2026,C000856,74,2413,0,M000322,digital_goods,0.4549594298058337,30.11,EUR,card,web,0,ios,cbeb5097be01ee7b,IE,NL,FR,1,0,1,3,0,yahoo.com,standard,0,0
PR000000758,1/17/2026,C000337,52,334,1,M000150,electronics,0.4957903966287376,16.66,EUR,card,web,0,ios,1d136b739f7f9bac,IE,US,GB,1,0,0,5,0,gmail.com,standard,0,0
PR000000759,1/17/2026,C001321,65,2840,0,M000177,restaurants,0.080801079,182.59,GBP,bank_transfer,web,0,macos,,GB,ES,FR,1,0,0,6,0,yahoo.com,standard,0,0
PR000000760,1/17/2026,C001315,48,10,0,M000304,health,0.3654031648136465,28.47,GBP,wallet,web,0,android,4d7940f4e38b3ee3,IE,DE,IE,1,0,0,4,0,gmail.com,standard,0,0
PR000000761,1/17/2026,C001198,65,643,0,M000398,travel,0.6255782842565787,25.96,EUR,card,in_app,1,android,bced870d3d54ebe7,NL,IE,PL,1,1,5,8,1,,subscription,0,1
PR000000762,1/17/2026,C002391,56,3051,0,M000352,services,,65.17,EUR,bank_transfer,web,0,linux,3bed0b6bcc90b955,GB,IE,FR,1,0,1,0,0,icloud.com,standard,0,0
PR000000763,1/17/2026,C000649,77,1799,0,M000314,marketplace,0.530238376,13.4,EUR,bank_transfer,mobile_app,0,ios,64e380c3ee790441,FR,IE,SE,1,0,0,1,0,gmail.com,subscription,0,0
PR000000764,1/17/2026,C001955,52,167,0,M000103,grocery,0.01,33.33,USD,card,web,0,android,f2df8dc63e17c3dc,FR,ES,DE,1,0,0,2,0,proton.me,standard,0,0
PR000000765,1/17/2026,C000124,41,2808,1,M000015,marketplace,0.26502382,26.1,EUR,wallet,web,0,android,213971ea46ae4815,GB,DE,IE,1,0,1,2,0,business.com,standard,0,0
PR000000766,1/17/2026,C001206,32,2416,0,M000288,grocery,0.1168195920534274,22.11,EUR,card,pos,1,android,2adfbcd1bf6170ae,ES,NL,IE,1,1,2,2,0,icloud.com,standard,0,0
PR000000767,1/17/2026,C000439,23,2751,0,M000333,gaming,0.5649085111494593,50.51,EUR,bank_transfer,pos,1,linux,55aa42c853b4e08f,GB,US,IE,1,0,0,1,0,gmail.com,standard,0,0
PR000000768,1/17/2026,C001677,72,3167,0,M000227,health,0.32216715647697725,23.02,EUR,card,web,0,macos,391840f4713de339,DE,IT,IE,1,0,0,5,0,yahoo.com,standard,0,0
PR000000769,1/17/2026,C002513,52,3342,0,M000136,grocery,0.01,169.47,GBP,card,web,0,ios,9e37da6a5fcefd5b,DE,FR,FR,1,0,2,2,0,gmail.com,standard,0,1
PR000000770,1/17/2026,C001983,22,1711,0,M000160,utilities,0.23592408877616136,12.39,USD,bank_transfer,web,0,ios,d41c908506fdc146,IE,GB,NL,1,0,0,9,0,gmail.com,standard,0,0
PR000000771,1/17/2026,C000087,29,3154,0,M000363,fashion,0.6411740391747264,15.01,EUR,wallet,web,0,ios,,IE,IE,DE,1,0,0,1,0,gmail.com,standard,0,0
PR000000772,1/17/2026,C001671,25,2037,1,M000315,telecoms,0.49010077294637083,45.81,USD,card,mobile_app,0,ios,,DE,IT,GB,1,0,0,0,0,outlook.com,subscription,0,0
PR000000773,1/17/2026,C000283,74,1022,0,M000073,telecoms,0.47393583075337553,9.36,EUR,card,pos,1,ios,22eae8e43c20700c,IE,DE,IE,1,0,0,1,0,outlook.com,gift_cards,0,0
PR000000774,1/17/2026,C002216,21,1959,1,M000302,services,,66.96,GBP,wallet,web,0,windows,b49d14249a2544ff,IE,FR,US,1,0,0,2,0,outlook.com,standard,0,0
PR000000775,1/17/2026,C000832,18,1188,0,M000221,services,0.19308690582884458,106.21,GBP,card,pos,1,ios,bc77e34a8c4bbea7,GB,FR,NL,1,0,0,4,0,business.com,gift_cards,0,0
PR000000776,1/17/2026,C000447,49,2506,0,M000153,digital_goods,0.38595217757108385,26.72,USD,card,web,0,ios,c6f448b828bf61cb,ES,NL,IE,1,0,3,2,0,outlook.com,standard,0,0
PR000000777,1/17/2026,C002328,66,1466,0,M000214,telecoms,0.42225983606083756,88.76,USD,bank_transfer,mobile_app,0,android,f36aa0987d3fd6c5,IE,DE,IE,1,0,0,2,0,yahoo.com,standard,0,0
PR000000778,1/17/2026,C001104,24,1921,0,M000125,gaming,0.44206261708620215,39.54,EUR,card,web,0,android,1d37fe160e0576cd,IE,IE,DE,1,0,1,4,0,gmail.com,standard,0,0
PR000000779,1/17/2026,C000661,51,3241,0,M000331,restaurants,0.19287740411117338,27.91,EUR,card,web,0,ios,,US,US,IE,1,0,1,2,0,outlook.com,standard,0,0
PR000000780,1/17/2026,C000501,26,2502,0,M000327,services,,16.29,EUR,card,mobile_app,0,android,e97d2c8d252c346e,NL,DE,IT,1,0,0,5,0,gmail.com,standard,0,0
PR000000781,1/18/2026,C002500,72,3499,0,M000258,fashion,0.2650592967721825,122.59,EUR,card,mobile_app,0,windows,d4bffd42b08452fd,IE,GB,GB,1,0,0,4,0,outlook.com,standard,0,0
PR000000782,1/18/2026,C000977,20,910,0,M000202,marketplace,0.48320711985415626,42.6,EUR,card,web,0,android,b4677c88fc50b623,IE,DE,NL,1,0,1,4,0,,standard,0,0
PR000000783,1/18/2026,C000668,54,3457,0,M000213,grocery,0.17216588407089622,5.57,GBP,bank_transfer,in_app,0,android,a184dc98abfa78d2,FR,IE,IE,1,0,1,5,0,gmail.com,gift_cards,0,0
PR000000784,1/18/2026,C000201,49,311,0,M000205,digital_goods,0.593118342,34.4,EUR,card,pos,1,linux,1972908b7cf0e93d,GB,IE,ES,1,0,1,1,0,yahoo.com,gift_cards,1,0
PR000000785,1/18/2026,C001876,64,2456,0,M000025,digital_goods,0.49774647774967595,18.15,GBP,card,mobile_app,0,macos,a7352739053f44d3,IT,DE,US,1,0,0,0,0,gmail.com,gift_cards,0,0
PR000000786,1/18/2026,C001149,18,976,0,M000181,marketplace,0.5770044783768661,8.16,USD,card,mobile_app,0,macos,,DE,IE,SE,1,0,0,2,0,outlook.com,subscription,0,0
PR000000787,1/18/2026,C002038,23,1605,0,M000163,restaurants,0.28957310999493036,28.34,EUR,card,mobile_app,0,ios,0a0015c0423883ed,IE,GB,IE,1,1,0,6,0,gmail.com,standard,0,0
PR000000788,1/18/2026,C000917,43,1766,0,M000359,grocery,0.3989854769414024,27.71,EUR,card,mobile_app,0,ios,ddf8b48f86dcfbb4,IE,SE,FR,1,0,1,1,0,outlook.com,standard,0,0
PR000000789,1/18/2026,C001300,74,262,0,M000352,utilities,0.15033132736781235,53.57,USD,card,web,0,windows,e907a49b6b1648e6,ES,IE,ES,1,0,0,4,1,outlook.com,gift_cards,0,0
PR000000790,1/18/2026,C000026,61,3451,1,M000148,travel,0.511347647,39.39,EUR,card,web,0,ios,6ae263ced0a9c28a,ES,IE,DE,1,0,,2,0,gmail.com,subscription,0,0
PR000000791,1/18/2026,C001842,41,2051,0,M000460,grocery,0.3606687378028413,64.31,EUR,card,mobile_app,0,ios,aef9203f52d3badb,FR,ES,IE,1,0,0,1,0,business.com,standard,0,0
PR000000792,1/18/2026,C001208,39,1793,0,M000237,utilities,0.2921801136291091,35.38,EUR,card,web,0,macos,c940803e53790259,DE,IE,IT,1,0,2,7,1,yahoo.com,standard,0,1
PR000000793,1/18/2026,C002010,38,915,0,M000435,health,0.3139764858853756,9.86,EUR,card,pos,1,android,ac7cac697548e8d9,DE,FR,SE,1,0,1,2,0,gmail.com,gift_cards,0,0
PR000000794,1/18/2026,C000045,43,2781,0,M000029,digital_goods,0.8745068300363286,32.68,USD,card,web,0,windows,669568db760cd486,GB,IE,US,1,0,0,3,0,outlook.com,standard,0,0
PR000000795,1/18/2026,C000590,61,880,0,M000303,health,,21.29,EUR,bank_transfer,mobile_app,0,ios,ede99bd6dc1048ac,IE,FR,GB,1,0,0,2,0,icloud.com,standard,0,0
PR000000796,1/18/2026,C001312,42,782,0,M000250,gaming,0.5183691295169675,60.5,EUR,card,mobile_app,0,macos,559422a440f5ddaa,GB,IE,SE,1,0,0,2,0,yahoo.com,standard,1,0
PR000000797,1/18/2026,C000326,53,1088,0,M000477,utilities,0.36601329863054033,41.54,GBP,card,web,0,ios,,ES,GB,FR,1,1,3,6,0,icloud.com,standard,0,1
PR000000798,1/18/2026,C001614,77,3306,0,M000289,utilities,0.28195568493345435,52.03,EUR,bank_transfer,web,0,windows,3d64d80fdb052683,IE,GB,IE,1,0,2,0,0,icloud.com,standard,0,0
PR000000799,1/18/2026,C000862,51,3146,0,M000136,restaurants,0.2905717639915252,28.37,GBP,wallet,in_app,0,ios,cc8d38a2d648296e,ES,GB,GB,1,1,2,5,0,gmail.com,standard,0,1
PR000000800,1/18/2026,C001196,46,3163,1,M000159,electronics,0.5287902937179588,122.15,EUR,card,mobile_app,0,ios,6520ec04df72ffd9,GB,IE,IE,1,0,2,0,0,gmail.com,standard,0,0
PR000000801,1/18/2026,C002405,36,3585,0,M000196,grocery,0.4369696304502856,64.99,EUR,wallet,web,0,ios,6b4d10a7b0260226,IE,IE,PL,1,0,0,3,0,student.edu,standard,0,0
PR000000802,1/18/2026,C001131,41,2339,0,M000306,travel,,63.88,USD,card,mobile_app,0,ios,ca134f29d0136d22,IE,IE,FR,1,0,0,2,0,gmail.com,standard,0,0
PR000000803,1/18/2026,C000799,58,2706,0,M000219,health,0.091629748,44.48,EUR,card,web,0,macos,3e4a95ae3fcd66df,DE,US,GB,1,0,0,5,0,gmail.com,standard,0,0
PR000000804,1/18/2026,C001305,67,964,0,M000396,telecoms,0.3623088199200124,20.45,EUR,card,web,0,windows,4b9e8a1c279b48db,GB,GB,IT,1,0,1,4,1,outlook.com,standard,0,0
PR000000805,1/18/2026,C000086,22,1713,0,M000223,health,0.38191861900332386,106.46,EUR,card,pos,1,ios,ab23de6a96c8ce8e,DE,IE,IE,1,0,1,1,0,outlook.com,standard,0,0
PR000000806,1/18/2026,C001581,77,2804,0,M000478,grocery,0.01,35.27,EUR,card,mobile_app,0,android,,GB,IE,IE,1,0,0,4,0,student.edu,standard,0,0
PR000000807,1/18/2026,C001797,18,359,0,M000443,travel,,44.43,EUR,bank_transfer,web,0,android,236f7186e0e2fc2a,IE,PL,GB,1,0,1,4,0,business.com,subscription,0,0
PR000000808,1/18/2026,C002271,38,683,1,M000136,fashion,0.15836088953043984,47.73,EUR,card,web,0,android,,IE,DE,ES,1,0,0,4,0,outlook.com,standard,0,0
PR000000809,1/18/2026,C000264,18,2476,0,M000019,restaurants,0.4232470284059654,54.66,GBP,card,web,0,android,b0f7f957b4e5953b,IE,NL,IE,1,0,0,2,0,icloud.com,standard,0,0
PR000000810,1/18/2026,C000458,62,2543,0,M000334,travel,0.4278264144407772,37.47,EUR,card,mobile_app,0,android,2c776e423396cabc,GB,IT,IT,1,0,0,0,0,,standard,0,0
PR000000811,1/18/2026,C000376,54,2308,0,M000100,fashion,0.092927119,17.43,EUR,card,web,0,android,,GB,IE,IE,1,1,2,1,0,gmail.com,standard,0,1
PR000000812,1/19/2026,C002455,34,889,0,M000162,marketplace,0.6638102562160968,56.38,EUR,card,web,0,android,3b23688e8f1ae2c8,PL,IE,FR,1,0,0,5,0,,gift_cards,1,0
PR000000813,1/19/2026,C002284,64,206,0,M000303,fashion,0.3694337476939155,100.68,EUR,bank_transfer,web,0,ios,8300cbffb478b38f,FR,ES,IT,1,0,0,2,0,outlook.com,gift_cards,0,0
PR000000814,1/19/2026,C002496,42,521,0,M000282,grocery,0.3118441294407054,15.13,USD,card,mobile_app,0,ios,956f3abe0a0b8879,NL,DE,DE,1,0,0,4,0,gmail.com,standard,0,0
PR000000815,1/19/2026,C000006,52,2425,0,M000206,grocery,0.20168854565546868,81.17,GBP,card,mobile_app,0,ios,6df8d8a0fa163575,ES,DE,IE,1,0,0,1,0,gmail.com,gift_cards,0,0
PR000000816,1/19/2026,C000410,24,173,0,M000381,fashion,0.1969622951836245,37.45,EUR,bank_transfer,web,0,ios,d5b6deb0f17ad31f,IE,IE,US,1,0,0,0,0,gmail.com,standard,0,0
PR000000817,1/19/2026,C000939,40,1057,1,M000071,grocery,0.40280122288902026,12.94,EUR,card,pos,1,android,65e6bf1f8fc2e025,IE,FR,GB,1,0,0,3,0,gmail.com,standard,0,0
PR000000818,1/19/2026,C001723,46,2761,0,M000074,restaurants,0.201597263,17.89,EUR,card,mobile_app,0,ios,faeb7f3d4c10e7e4,NL,IE,BR,1,0,0,2,0,business.com,standard,0,0
PR000000819,1/19/2026,C002337,35,3271,0,M000304,travel,0.3454670549027321,47.59,EUR,card,mobile_app,0,macos,b1efb49fe78b2c95,PL,GB,IE,1,0,1,2,0,outlook.com,standard,0,0
PR000000820,1/19/2026,C001561,57,2715,1,M000458,services,0.2087769835846935,32.69,EUR,card,web,0,ios,18d086d917fb9711,IE,US,US,1,0,1,4,0,icloud.com,standard,0,0
PR000000821,1/19/2026,C001520,26,2656,0,M000278,restaurants,0.4207044449042668,197.31,EUR,card,web,0,android,0882863f7293244a,GB,IE,GB,1,1,2,7,0,gmail.com,gift_cards,0,1
PR000000822,1/19/2026,C000220,26,1054,1,M000028,health,0.36283803215769794,23.11,EUR,card,mobile_app,0,linux,,IE,GB,IE,1,0,0,1,0,outlook.com,standard,0,0
PR000000823,1/19/2026,C000924,41,3649,0,M000138,health,0.2733427414520005,27.47,GBP,card,web,0,linux,749413af13a4e2f9,IE,IE,US,1,0,1,4,0,icloud.com,standard,0,0
PR000000824,1/19/2026,C000057,54,2287,0,M000261,gaming,0.5731364946271503,20.97,EUR,card,mobile_app,0,android,8468e33fe1ff19c8,GB,PL,DE,1,0,0,3,0,gmail.com,standard,0,0
PR000000825,1/19/2026,C001538,52,934,0,M000350,gaming,0.6773359103064052,90.4,USD,bank_transfer,web,0,ios,dc296a48ea2ba8fa,ES,IE,PL,1,0,0,1,0,gmail.com,standard,0,0
PR000000826,1/19/2026,C002233,57,267,0,M000099,gaming,,11.03,EUR,card,mobile_app,0,android,,GB,IE,IE,1,0,1,2,0,icloud.com,standard,0,0
PR000000827,1/19/2026,C001509,64,3108,0,M000201,digital_goods,,67.07,EUR,card,web,0,ios,75a1f0ecba73224f,NL,ES,US,1,1,3,10,0,gmail.com,standard,0,1
PR000000828,1/19/2026,C002278,20,2423,0,M000101,restaurants,0.3430969102461824,34.19,EUR,card,pos,1,ios,b4d4c256a4bc5c9d,GB,US,IT,1,0,0,2,0,business.com,standard,0,0
PR000000829,1/19/2026,C002429,32,1631,0,M000161,grocery,0.20358197436329456,46.09,EUR,card,mobile_app,0,ios,1326365d51ca2f7c,US,IE,FR,1,0,0,0,0,gmail.com,standard,0,0
PR000000830,1/19/2026,C002518,35,2153,0,M000013,travel,0.6886441137528069,22.74,GBP,card,pos,1,android,d782b4da74f0e180,FR,IE,FR,1,0,0,2,0,yahoo.com,standard,0,0
PR000000831,1/19/2026,C001298,61,155,0,M000411,restaurants,0.3910357901849568,43.71,EUR,card,web,0,android,49f30125335ffa5b,NL,GB,FR,1,0,0,4,0,icloud.com,standard,0,0
PR000000832,1/19/2026,C001242,24,3504,0,M000241,restaurants,0.41452115635632186,57.72,USD,card,web,0,android,,NL,US,IE,1,0,1,6,1,yahoo.com,standard,0,0
PR000000833,1/19/2026,C000753,20,2082,0,M000166,digital_goods,0.43970990694741585,25.13,EUR,wallet,web,0,windows,0927a5dcc40276a7,FR,IE,IE,1,0,1,2,0,business.com,standard,0,0
PR000000834,1/19/2026,C001016,43,601,0,M000230,marketplace,0.5833989317848497,39.74,GBP,wallet,web,0,android,bae8c7a00498444f,GB,ES,IE,1,0,0,2,0,gmail.com,standard,0,0
PR000000835,1/19/2026,C002164,32,1213,0,M000322,digital_goods,0.5305064139306568,95.86,EUR,card,mobile_app,0,android,db3ad17e82a48101,NL,IE,US,1,0,1,2,0,gmail.com,standard,0,0
PR000000836,1/19/2026,C002207,48,1136,0,M000308,fashion,0.5025675981414494,29.06,EUR,wallet,mobile_app,0,android,50a856a4eb55424a,GB,ES,GB,1,0,0,2,0,outlook.com,standard,0,0
PR000000837,1/19/2026,C000429,28,2064,0,M000405,fashion,0.5448479668137141,27.64,EUR,bank_transfer,web,0,android,,PL,SE,GB,1,0,0,2,0,business.com,standard,0,0
PR000000838,1/19/2026,C000121,54,3030,0,M000175,fashion,0.44966265434978087,5.72,USD,card,web,0,ios,1fcb231ee8a53006,DE,US,IE,1,0,1,6,0,icloud.com,standard,0,0
PR000000839,1/19/2026,C002393,21,122,0,M000039,marketplace,0.5115684507781277,35.03,EUR,card,web,0,windows,8a8528d95a6c9c79,IE,FR,GB,1,0,0,1,0,outlook.com,standard,0,0
PR000000840,1/19/2026,C000427,46,2808,0,M000072,digital_goods,0.4745803165796554,22.35,USD,card,web,0,ios,833e537871df6621,US,GB,US,1,0,0,6,0,gmail.com,standard,0,0
PR000000841,1/19/2026,C000559,79,1727,0,M000169,grocery,0.320950593,38.5,EUR,card,web,0,android,32f1b6336bd91ee9,DE,FR,FR,1,0,0,2,0,business.com,standard,0,0
PR000000842,1/19/2026,C001852,43,2837,0,M000289,health,,21.22,EUR,card,web,0,windows,b66ff84643092395,IE,IE,IT,1,0,0,5,0,icloud.com,standard,0,0
PR000000843,1/19/2026,C000916,77,2762,0,M000052,marketplace,0.5328762814613726,86.69,USD,bank_transfer,mobile_app,0,macos,38d2801eb953386a,GB,IE,IT,1,0,1,1,0,gmail.com,standard,0,0
PR000000844,1/19/2026,C001574,44,2583,0,M000048,grocery,,57.67,EUR,card,mobile_app,0,macos,04068a951d5f4171,IE,GB,IT,1,0,0,1,0,gmail.com,standard,0,0
PR000000845,1/19/2026,C000080,39,1166,0,M000445,health,,28.95,EUR,card,in_app,0,windows,d890e59da41d8dd9,IE,IE,ES,1,0,2,5,0,gmail.com,standard,0,0
PR000000846,1/19/2026,C001795,46,1463,0,M000075,restaurants,0.24115819319694354,42.96,EUR,card,web,0,linux,7fe9ff51c5d2dade,DE,US,SE,1,0,1,2,0,gmail.com,standard,0,0
PR000000847,1/19/2026,C000075,48,1382,0,M000379,digital_goods,0.48869193742933237,54.37,EUR,bank_transfer,pos,0,android,8e4e3d8b181f833c,NL,NL,ES,1,1,2,9,0,business.com,standard,0,1
PR000000848,1/19/2026,C001497,42,644,0,M000205,grocery,0.14424294865334192,77.78,EUR,wallet,mobile_app,0,ios,f7bba04241887eff,US,FR,IE,1,0,0,3,0,,standard,0,0
PR000000849,1/19/2026,C000466,58,2999,0,M000414,marketplace,0.7062917547540429,17.78,EUR,wallet,mobile_app,0,windows,9f01cbdc57d47aa5,DE,US,DE,1,0,0,2,0,business.com,standard,0,0
PR000000850,1/20/2026,C000241,43,3089,0,M000038,health,0.4417829388849739,48.7,GBP,card,web,0,ios,ec5561c369c07eba,IE,IE,GB,1,0,1,7,0,gmail.com,gift_cards,0,0
PR000000851,1/20/2026,C001870,42,1769,0,M000425,digital_goods,0.5605331165778512,37.03,GBP,card,web,0,windows,6dd4f25743b172e1,NL,DE,DE,1,0,1,5,0,icloud.com,gift_cards,0,0
PR000000852,1/20/2026,C001545,41,3289,0,M000197,restaurants,0.056793576349656094,73.3,EUR,card,mobile_app,0,ios,75530d47a0020605,IE,IE,DE,1,0,2,2,0,gmail.com,standard,0,0
PR000000853,1/20/2026,C000823,24,3373,0,M000109,health,0.31997303079097006,12.88,EUR,card,web,0,ios,15f2dea1e78ec695,IE,GB,NL,1,0,0,2,0,student.edu,standard,0,0
PR000000854,1/20/2026,C000700,55,771,0,M000027,fashion,0.22409800754827025,46.62,GBP,card,web,0,ios,31b9a6d96d4a68c9,DE,IE,FR,1,0,1,1,0,,standard,0,0
PR000000855,1/20/2026,C000886,35,2915,0,M000180,digital_goods,,25.64,EUR,card,web,0,macos,0523f22cbc0ffce6,SE,FR,FR,1,0,0,1,0,outlook.com,standard,0,0
PR000000856,1/20/2026,C000315,48,1101,0,M000183,health,0.2553173513615768,16.41,GBP,card,web,0,ios,7788ec5081b3b616,GB,IE,IE,1,0,1,2,0,business.com,subscription,0,0
PR000000857,1/20/2026,C000771,18,3074,0,M000003,utilities,0.3945000936387446,22.19,USD,card,web,0,ios,bd37fda7af91f63d,ES,IE,US,1,0,0,5,0,gmail.com,standard,0,0
PR000000858,1/20/2026,C000260,20,3603,0,M000421,telecoms,0.4591052930831797,23.72,GBP,card,web,0,android,794a4b1990bd6680,SE,PL,IE,1,0,0,2,0,gmail.com,standard,0,0
PR000000859,1/20/2026,C000761,78,2356,0,M000251,services,0.42310688098364135,12.05,EUR,card,web,0,android,2a094189f5104b7d,GB,IE,DE,1,1,3,7,0,business.com,standard,0,1
PR000000860,1/20/2026,C002561,71,2041,0,M000129,services,0.1498637484553282,82.91,EUR,wallet,web,0,linux,5b6c9dda47836898,IE,NL,DE,1,0,0,3,0,icloud.com,standard,0,0
PR000000861,1/20/2026,C001130,31,3549,0,M000115,electronics,0.7054300530278685,35.18,EUR,card,mobile_app,0,macos,59747414b8bc605f,US,IT,ES,1,1,1,6,0,gmail.com,standard,0,0
PR000000862,1/20/2026,C001776,66,3153,1,M000070,travel,0.6084060709704909,94.77,EUR,card,web,0,android,f67a6555d3367595,GB,IE,GB,1,1,0,7,0,outlook.com,gift_cards,0,1
PR000000863,1/20/2026,C001696,49,1871,0,M000257,marketplace,,27.95,EUR,card,pos,1,windows,f4573e6ff5aacdf1,DE,DE,GB,1,1,2,8,0,gmail.com,subscription,0,0
PR000000864,1/20/2026,C000071,60,2700,0,M000304,grocery,0.2589786944833419,24.59,USD,card,web,0,android,0d072366eb932c3c,IE,GB,ES,1,0,2,3,0,gmail.com,standard,0,0
PR000000865,1/20/2026,C001628,29,807,1,M000209,digital_goods,0.9141254848245742,33.12,EUR,card,pos,1,ios,b75feff121d1efa5,GB,FR,GB,1,0,0,2,0,gmail.com,gift_cards,0,0
PR000000866,1/20/2026,C000328,58,993,0,M000202,marketplace,0.5961923922731082,34.93,EUR,card,web,0,macos,0b6684a29f795c67,PL,PL,ES,1,0,1,3,1,business.com,subscription,0,0
PR000000867,1/20/2026,C001356,57,1099,0,M000298,gaming,0.6138861592161343,25.03,USD,card,mobile_app,0,macos,a87c928bf8e4136e,FR,IE,NL,1,0,0,1,0,student.edu,standard,0,0
PR000000868,1/20/2026,C001794,40,1047,1,M000317,restaurants,0.3738921960640834,44.24,EUR,card,mobile_app,0,android,f67801900cfe32ec,GB,GB,FR,1,0,1,4,0,outlook.com,standard,0,0
PR000000869,1/20/2026,C001712,73,2480,0,M000158,electronics,0.7366507755702596,19.93,EUR,card,web,0,ios,6d453e87311c6b07,FR,IT,NL,1,0,2,2,0,outlook.com,standard,0,0
PR000000870,1/20/2026,C002375,77,3369,0,M000029,restaurants,0.18463063460316373,46.79,EUR,wallet,web,0,android,bfc8cf5085eaffa5,IT,IE,IT,1,0,1,3,0,gmail.com,standard,0,0
PR000000871,1/20/2026,C000875,22,1678,0,M000356,utilities,0.17821536551873038,23.92,EUR,card,web,0,macos,,FR,IE,US,1,0,1,2,0,yahoo.com,gift_cards,0,0
PR000000872,1/20/2026,C002263,41,1809,0,M000253,fashion,0.21361225338938897,10.77,EUR,bank_transfer,pos,1,android,,ES,ES,IE,1,0,2,0,0,gmail.com,standard,0,0
PR000000873,1/20/2026,C000204,53,2757,0,M000355,marketplace,0.566513437,25.24,EUR,card,mobile_app,0,android,94a64f82387fc2c3,IE,ES,ES,1,0,0,2,0,gmail.com,standard,0,0
PR000000874,1/20/2026,C001598,68,2225,1,M000382,grocery,0.4162529188217966,20.28,EUR,card,mobile_app,0,android,3d3fc567f3a80d5e,US,SE,GB,1,0,0,2,0,gmail.com,standard,0,0
PR000000875,1/20/2026,C002377,54,1511,0,M000467,utilities,,25.67,EUR,card,web,0,ios,0069a387ec66481e,PL,FR,PL,1,0,0,3,0,student.edu,standard,0,0
PR000000876,1/20/2026,C002338,43,134,0,M000056,electronics,0.6551573136039797,20.79,EUR,card,mobile_app,0,android,861cc7a356522bc3,IE,SE,GB,1,0,0,3,0,gmail.com,standard,0,0
PR000000877,1/20/2026,C000119,39,1828,0,M000237,telecoms,0.5004719643866663,47.42,EUR,bank_transfer,web,0,linux,,IT,IE,IE,1,0,0,4,0,gmail.com,standard,0,0
PR000000878,1/20/2026,C000739,79,26,0,M000375,electronics,0.6550790929301813,90.85,GBP,card,web,0,ios,850fc83ff21c4f74,FR,GB,IE,1,1,2,6,0,student.edu,standard,0,1
PR000000879,1/20/2026,C000231,41,559,0,M000171,gaming,0.36180093750884496,50.65,EUR,wallet,web,0,macos,1ae6eff3d2958df9,DE,IT,IE,1,1,3,8,0,yahoo.com,standard,0,1
PR000000880,1/20/2026,C000971,47,2384,0,M000124,services,0.21623988654899223,18.14,USD,card,mobile_app,0,android,,FR,US,US,1,0,0,3,0,gmail.com,standard,0,0
PR000000881,1/20/2026,C000067,65,2260,1,M000224,services,0.3069003420855635,31.18,GBP,card,web,0,ios,64964d7251abed74,SE,GB,DE,1,0,1,1,0,gmail.com,standard,0,0
PR000000882,1/20/2026,C001057,58,1914,1,M000455,fashion,0.4367537364643226,204.05,GBP,card,mobile_app,0,android,7b9e9789e898a133,IE,FR,SE,1,0,0,1,0,gmail.com,standard,0,0
PR000000883,1/20/2026,C002331,43,342,0,M000032,restaurants,0.40470851880012365,49.85,EUR,wallet,in_app,0,linux,686f30f468217b77,FR,US,GB,1,0,2,3,0,student.edu,standard,0,0
PR000000884,1/20/2026,C001990,55,1621,0,M000170,marketplace,0.6655305857732032,97.13,GBP,card,web,0,macos,703e131113240cb3,PL,US,DE,1,0,2,2,0,icloud.com,gift_cards,1,0
PR000000885,1/20/2026,C002252,67,390,0,M000414,telecoms,0.3039694664640771,33.58,EUR,card,web,0,windows,,US,GB,US,1,0,0,4,0,gmail.com,subscription,0,0
PR000000886,1/20/2026,C002299,69,2113,0,M000208,electronics,0.6189334554288132,80.77,EUR,bank_transfer,mobile_app,0,ios,099f42db16a03c36,IE,FR,IE,1,0,1,4,0,business.com,subscription,0,0
PR000000887,1/20/2026,C001266,66,1877,0,M000071,restaurants,0.3222887209619824,98.89,EUR,bank_transfer,web,0,android,d154bf396f638c66,GB,IE,IE,1,0,1,3,0,proton.me,standard,0,0
PR000000888,1/20/2026,C001962,69,1522,0,M000263,grocery,0.241597305,23.42,EUR,card,web,0,android,27754d52e9758a67,GB,DE,IE,1,0,1,5,0,business.com,standard,0,0
PR000000889,1/20/2026,C001939,79,2020,0,M000174,services,0.048222290848073834,83.01,EUR,card,web,0,ios,6244ba382e484fe9,IE,US,IE,1,1,1,8,0,gmail.com,standard,0,1
PR000000890,1/20/2026,C002287,46,1131,0,M000190,telecoms,,5.47,EUR,card,web,0,ios,bb403a9ce30cc1cc,NL,GB,IT,1,0,1,5,0,gmail.com,subscription,0,0
PR000000891,1/21/2026,C000688,64,2717,0,M000213,gaming,0.6277977436336953,40.48,EUR,card,web,0,android,07b34bf345d5225d,US,GB,DE,1,0,1,5,0,gmail.com,gift_cards,0,0
PR000000892,1/21/2026,C000178,29,2277,1,M000310,health,0.43071072108538805,90.19,EUR,card,mobile_app,0,linux,7406b00605b6aae0,DE,SE,IE,1,0,0,3,0,gmail.com,gift_cards,0,0
PR000000893,1/21/2026,C001142,39,1915,0,M000331,services,0.30725014,83.29,EUR,card,web,0,windows,4e1024d42e541384,IE,IE,IE,0,0,0,7,0,proton.me,standard,0,0
PR000000894,1/21/2026,C000159,65,3291,0,M000274,fashion,0.22788682939893712,18.83,EUR,card,web,0,windows,120f333100605d65,FR,US,IE,1,0,0,6,0,gmail.com,standard,0,0
PR000000895,1/21/2026,C000036,74,2767,0,M000288,utilities,0.12316634108920443,139.22,EUR,card,web,0,ios,ef41328c952c6483,IE,FR,IE,1,0,1,5,0,outlook.com,standard,0,1
PR000000896,1/21/2026,C002506,58,1718,0,M000114,marketplace,0.5740950557883854,52.91,EUR,card,pos,1,android,550e69fcf9f9352a,IE,GB,FR,1,0,0,1,0,gmail.com,standard,0,0
PR000000897,1/21/2026,C001516,48,1985,0,M000315,gaming,0.598003096,19.36,EUR,wallet,in_app,0,android,e2dc8479c10639bd,IE,IT,GB,1,0,0,4,0,icloud.com,gift_cards,0,0
PR000000898,1/21/2026,C000726,70,1125,0,M000225,marketplace,0.5168780162630648,11.39,GBP,card,web,0,android,79cdc709b0741936,GB,DE,ES,1,0,1,2,0,gmail.com,standard,0,0
PR000000899,1/21/2026,C001593,65,416,0,M000285,services,0.46935680166787674,152.95,EUR,card,in_app,0,ios,9a56dd409fa96116,IE,IE,US,1,0,0,4,0,business.com,standard,0,0
PR000000900,1/21/2026,C001936,20,644,0,M000398,restaurants,0.13481252096273458,70.63,USD,card,web,0,android,337d5a010744b6dd,US,IE,IE,1,0,0,4,0,icloud.com,standard,0,0
PR000000901,1/21/2026,C002100,61,163,0,M000440,fashion,0.39014220369365366,65.59,USD,wallet,mobile_app,0,windows,20206e867bdc6ca3,PL,NL,US,1,0,0,3,0,gmail.com,standard,0,0
PR000000902,1/21/2026,C001931,72,3494,0,M000195,utilities,0.26434825049265187,33.93,EUR,card,web,0,linux,883c893b3902f324,DE,IE,DE,1,0,1,3,0,gmail.com,standard,0,0
PR000000903,1/21/2026,C001007,33,3027,0,M000069,digital_goods,0.6548694066570946,78.92,EUR,bank_transfer,web,0,windows,89de05cd12155fbd,IE,ES,GB,1,1,2,13,0,student.edu,standard,0,1
PR000000904,1/21/2026,C001080,56,819,0,M000030,grocery,0.14723561158409115,52.59,GBP,card,web,0,windows,597bc19d64613672,NL,PL,IE,1,0,0,3,0,gmail.com,standard,0,0
PR000000905,1/21/2026,C000650,75,522,0,M000024,restaurants,0.4195364412558813,4.56,GBP,wallet,web,0,linux,3575a70e14d8bba7,NL,DE,PL,1,0,0,4,1,proton.me,standard,0,0
PR000000906,1/21/2026,C001391,18,2343,0,M000213,marketplace,0.6211267530144888,17.38,GBP,card,web,0,macos,9d729a8bcb55ad32,IE,GB,FR,1,0,0,3,0,gmail.com,standard,0,0
PR000000907,1/21/2026,C000862,34,2274,0,M000263,fashion,0.29672217267111506,53.01,EUR,bank_transfer,pos,1,ios,11b9099a8903dd27,IE,ES,NL,1,0,0,1,0,outlook.com,standard,0,0
PR000000908,1/21/2026,C001126,21,1124,0,M000331,digital_goods,0.7221013807749892,103.99,EUR,bank_transfer,pos,1,android,a671bf2fd3d982f0,IT,US,IE,1,0,0,3,0,icloud.com,standard,0,0
PR000000909,1/21/2026,C001896,45,2077,0,M000117,restaurants,0.3068456367171344,13.74,EUR,card,web,0,android,6be4d8aeb23f69d3,ES,NL,DE,1,0,1,3,0,outlook.com,standard,0,0
PR000000910,1/21/2026,C001578,64,2576,0,M000086,fashion,0.20815981300602898,21.07,EUR,bank_transfer,mobile_app,0,ios,fc2442a825d265ce,ES,IE,BR,1,0,0,2,0,gmail.com,standard,0,0
PR000000911,1/21/2026,C002224,63,3066,0,M000399,travel,0.4471509862058666,40.72,EUR,card,in_app,0,ios,a64bbe7fb7805a61,IT,DE,US,1,0,0,1,0,gmail.com,standard,0,0
PR000000912,1/21/2026,C002371,53,2800,0,M000015,grocery,0.4268181486541739,73.51,EUR,card,web,0,android,e09e355b1e14f4b1,IE,DE,US,1,0,2,6,0,yahoo.com,standard,0,1
PR000000913,1/21/2026,C000067,48,927,0,M000222,marketplace,0.5575384409003465,48.78,EUR,card,web,0,macos,91386c3c260ebf32,PL,ES,GB,1,0,0,3,0,outlook.com,gift_cards,0,0
PR000000914,1/21/2026,C001703,55,2517,0,M000039,services,,146.27,EUR,card,web,0,ios,8d9908d2c3807c93,SE,ES,DE,1,0,0,5,0,icloud.com,standard,0,0
PR000000915,1/21/2026,C002299,73,617,0,M000300,marketplace,0.5872087918259508,34.17,EUR,wallet,in_app,0,ios,eb9ea7cd760f3f00,GB,US,BR,1,0,2,6,0,outlook.com,standard,0,1
PR000000916,1/21/2026,C002047,74,787,1,M000258,utilities,0.21822784868663866,46.87,EUR,card,web,0,ios,,ES,IE,FR,1,0,3,1,0,gmail.com,gift_cards,0,1
PR000000917,1/21/2026,C002420,76,2643,0,M000316,marketplace,0.31746971541531654,53.17,GBP,bank_transfer,web,0,android,9b0e3a815b687d9c,IE,US,GB,1,1,3,9,0,gmail.com,standard,0,1
PR000000918,1/21/2026,C002055,71,2583,0,M000039,grocery,0.3060080761124328,19.37,EUR,bank_transfer,web,0,android,e41b11ef59a7fc12,IE,IE,GB,1,0,0,5,0,yahoo.com,standard,0,0
PR000000919,1/21/2026,C001448,33,1018,0,M000257,telecoms,0.4312004982913118,17.88,EUR,card,web,0,android,9a8b3071445336c8,FR,DE,FR,1,1,2,4,0,gmail.com,standard,0,1
PR000000920,1/21/2026,C002409,53,1026,0,M000395,marketplace,0.4322072343981035,29.63,EUR,bank_transfer,mobile_app,0,android,,IT,PL,DE,1,0,0,3,0,business.com,standard,0,0
PR000000921,1/21/2026,C002012,58,1639,0,M000455,utilities,0.1534657627805044,14.89,EUR,card,web,0,android,ad6bb82a37647abc,NL,IE,DE,1,1,1,6,0,outlook.com,standard,0,1
PR000000922,1/21/2026,C001733,35,2830,0,M000034,marketplace,0.5334532461280512,64.16,EUR,card,pos,1,ios,6197ab1babeb840b,FR,DE,IE,1,0,0,1,0,student.edu,standard,0,0
PR000000923,1/21/2026,C000651,59,577,0,M000438,fashion,0.4421547661604444,27.41,EUR,card,web,0,android,fb4dbc28c073b465,IE,IE,BR,1,0,0,6,0,yahoo.com,gift_cards,0,0
PR000000924,1/21/2026,C000966,55,3111,0,M000205,fashion,0.3847761394584763,40.12,EUR,bank_transfer,web,0,android,182c31c08b3c44d0,FR,IT,NL,1,0,1,4,0,gmail.com,standard,0,0
PR000000925,1/21/2026,C002335,26,2982,0,M000419,marketplace,0.7190175455095531,24.51,GBP,card,web,0,android,a8b3d70faab8a833,NL,IE,IE,1,0,0,2,0,gmail.com,standard,0,0
PR000000926,1/21/2026,C000976,50,848,0,M000387,health,0.24612828333928397,35.45,USD,card,web,0,android,fa090c47594cd977,IE,GB,US,1,0,0,3,0,gmail.com,standard,0,0
PR000000927,1/21/2026,C000605,28,1654,0,M000444,electronics,0.6736662057110439,46.61,EUR,wallet,web,0,ios,8201690f15466526,IT,GB,IE,1,1,1,5,0,yahoo.com,standard,0,0
PR000000928,1/21/2026,C002293,54,1168,0,M000115,gaming,0.4853217426646826,29.72,EUR,card,web,0,linux,c2f88f83ecd701c1,ES,IE,DE,1,0,0,2,0,outlook.com,standard,0,0
PR000000929,1/21/2026,C001891,19,3573,0,M000248,digital_goods,0.461294149,46.58,EUR,card,pos,0,android,e9c60b639d31f013,IT,SE,IT,1,0,1,1,0,business.com,standard,0,0
PR000000930,1/21/2026,C000306,31,2485,0,M000060,digital_goods,0.5638208871885515,67.91,EUR,wallet,mobile_app,0,windows,10588c4cc906ac27,GB,US,ES,1,0,0,6,0,business.com,gift_cards,0,0
PR000000931,1/21/2026,C000135,35,2542,0,M000431,utilities,0.4730476464871598,44.34,EUR,card,web,0,macos,0b2d872e1c74564a,IE,GB,IE,1,0,1,2,1,gmail.com,standard,0,0
PR000000932,1/21/2026,C000337,18,120,0,M000295,gaming,0.6290690329259436,27.76,EUR,card,web,0,ios,d2579c91234fe4a1,FR,GB,GB,1,0,1,2,0,icloud.com,standard,0,0
PR000000933,1/21/2026,C001473,78,1182,0,M000090,restaurants,0.18673826972584545,52.1,EUR,wallet,pos,1,android,ead63f67f24fdd8d,FR,GB,SE,1,0,1,4,0,icloud.com,subscription,0,0
PR000000934,1/21/2026,C000118,61,2010,1,M000255,electronics,0.49539889820546196,21.86,EUR,card,mobile_app,0,linux,b6edded2d1933d2c,IE,IE,SE,1,0,0,1,0,icloud.com,subscription,0,0
PR000000935,1/21/2026,C002013,47,2534,0,M000026,telecoms,0.5284624246883329,32.49,EUR,wallet,web,0,ios,61fc8d63dc4289fe,GB,FR,GB,1,0,1,4,0,icloud.com,standard,0,0
PR000000936,1/22/2026,C000292,32,1476,0,M000081,gaming,0.5287801898999379,258.86,GBP,card,mobile_app,0,android,eef6baaf19343d4f,IE,IE,DE,1,0,1,3,0,gmail.com,standard,0,1
PR000000937,1/22/2026,C000875,27,3242,0,M000412,health,0.46388662871983893,30.41,EUR,bank_transfer,web,0,ios,3b4262c3c07574b8,DE,IE,ES,1,1,2,6,0,gmail.com,standard,0,1
PR000000938,1/22/2026,C002178,28,1662,0,M000410,grocery,0.11806769388955304,18.91,GBP,card,web,0,ios,7dacf48abdc9a6fc,FR,PL,IT,1,0,1,1,0,gmail.com,standard,0,0
PR000000939,1/22/2026,C001935,28,1708,1,M000308,marketplace,0.49153527181611417,40.11,EUR,card,web,0,linux,6321720f461ad9f2,SE,US,IT,1,0,1,7,0,gmail.com,subscription,0,0
PR000000940,1/22/2026,C001456,75,915,0,M000238,digital_goods,,17.06,EUR,card,web,0,ios,8f1f94188afd2315,GB,IE,FR,1,0,1,3,0,gmail.com,standard,0,0
PR000000941,1/22/2026,C000504,75,662,0,M000268,fashion,0.25746031816889176,69.53,USD,card,web,0,android,1187cb4e1f47f7f6,IE,US,FR,1,0,0,4,0,gmail.com,subscription,0,0
PR000000942,1/22/2026,C002153,74,1785,0,M000092,utilities,0.14812790288816732,47.58,EUR,card,mobile_app,0,macos,,IE,FR,SE,1,1,3,9,0,student.edu,subscription,0,1
PR000000943,1/22/2026,C000840,20,2333,0,M000007,travel,0.623319356,30.49,EUR,card,mobile_app,0,android,b905a68ef579461b,GB,PL,BR,1,0,1,6,0,proton.me,standard,0,0
PR000000944,1/22/2026,C001050,25,875,0,M000474,gaming,,6.03,GBP,card,pos,1,macos,35c17dfd36b4c942,IE,GB,IE,1,0,0,3,0,business.com,standard,0,0
PR000000945,1/22/2026,C000446,56,3468,1,M000138,health,0.28966908710760325,134.48,EUR,card,web,0,macos,950884d649e902a9,IE,IE,DE,1,1,2,9,0,gmail.com,standard,0,1
PR000000946,1/22/2026,C000853,53,1348,0,M000181,utilities,0.20616827627042827,29.76,EUR,bank_transfer,mobile_app,0,macos,085960ca80ead938,PL,FR,IE,1,0,0,1,0,yahoo.com,gift_cards,0,0
PR000000947,1/22/2026,C001730,58,15,0,M000231,grocery,0.025527092,13.05,GBP,card,web,0,ios,dff17a31bae0bfcd,DE,FR,ES,1,0,0,5,0,yahoo.com,gift_cards,0,0
PR000000948,1/22/2026,C002260,29,1054,0,M000036,grocery,0.22173645308170978,30.33,EUR,card,web,0,android,3790688e1c45ab58,FR,SE,PL,1,0,1,3,0,student.edu,standard,0,0
PR000000949,1/22/2026,C001365,19,2233,0,M000256,fashion,,18.72,EUR,card,web,0,android,,DE,US,IE,1,0,0,6,0,gmail.com,standard,0,0
PR000000950,1/22/2026,C000079,52,1226,0,M000412,restaurants,0.32143785294881944,45.59,EUR,bank_transfer,mobile_app,0,android,,IE,PL,GB,1,0,0,2,0,gmail.com,standard,0,0
PR000000951,1/22/2026,C000024,21,967,0,M000366,marketplace,0.52817456,28.96,EUR,wallet,web,0,android,bfdfec84a404a35c,IE,DE,NL,1,0,2,4,1,business.com,standard,0,0
PR000000952,1/22/2026,C002480,22,1832,0,M000222,electronics,0.6564339401674002,12.45,EUR,bank_transfer,mobile_app,0,ios,e25d676dbabd575c,ES,IE,IE,1,0,0,1,0,gmail.com,standard,0,0
PR000000953,1/22/2026,C000704,48,1358,0,M000007,utilities,0.3238402593656933,53.92,GBP,card,web,0,macos,d3a4fb782329c67c,IE,IE,DE,1,0,0,4,0,gmail.com,standard,0,0
PR000000954,1/22/2026,C002493,74,1084,0,M000146,digital_goods,0.5157862735583786,16.75,EUR,card,pos,1,ios,9a9310c982d5b262,NL,PL,GB,1,0,0,2,0,gmail.com,standard,0,0
PR000000955,1/22/2026,C001982,54,3112,0,M000046,restaurants,0.21970096248212082,17.93,GBP,card,mobile_app,0,windows,d011052df90a5bfa,NL,SE,IE,1,1,2,7,0,gmail.com,gift_cards,0,1
PR000000956,1/22/2026,C001277,62,1906,0,M000374,grocery,0.35055783282392683,23.35,EUR,card,web,0,ios,2013ac5f66e36b77,GB,IE,DE,1,0,0,1,0,outlook.com,standard,0,0
PR000000957,1/22/2026,C001610,51,3092,0,M000238,gaming,0.38027580087271357,35.19,USD,card,web,0,windows,0417fc4e6be7baf5,IE,GB,IE,1,0,1,0,0,icloud.com,standard,0,0
PR000000958,1/22/2026,C001153,31,2532,0,M000006,utilities,0.16375443041716295,77.8,EUR,card,pos,1,ios,f57aef5b4b59f221,IE,ES,IE,1,0,,2,0,gmail.com,standard,0,0
PR000000959,1/22/2026,C001162,40,2100,0,M000007,travel,0.715384549,15.67,EUR,wallet,web,0,android,89b1755136db8b65,IE,ES,FR,1,0,0,3,1,student.edu,gift_cards,0,0
PR000000960,1/22/2026,C002081,54,2279,0,M000415,marketplace,0.5522758471649726,17.62,EUR,card,mobile_app,0,ios,7a2124cc7741f630,IE,PL,IE,1,0,0,3,0,business.com,standard,0,0
PR000000961,1/22/2026,C001869,28,1423,0,M000088,electronics,0.39727917610980334,80.2,EUR,card,mobile_app,0,android,bc8c110735445510,ES,GB,IE,1,0,0,3,0,student.edu,standard,0,0
PR000000962,1/22/2026,C000444,54,2815,0,M000202,gaming,0.46410550280299956,121.73,GBP,card,web,0,ios,b9fe80efd34ddc97,IE,DE,FR,1,0,0,5,0,gmail.com,standard,0,0
PR000000963,1/22/2026,C000449,41,121,0,M000395,services,,33.47,EUR,card,mobile_app,0,macos,,NL,IE,DE,1,0,0,2,0,gmail.com,standard,0,0
PR000000964,1/22/2026,C002083,79,2393,0,M000264,utilities,0.2498530399883467,65.31,EUR,card,web,0,android,305c60e1dc4f0c08,FR,DE,US,1,0,0,3,0,gmail.com,standard,1,0
PR000000965,1/22/2026,C000147,59,1749,0,M000355,digital_goods,0.4326622332473968,40.61,EUR,card,mobile_app,0,android,,US,IE,GB,1,0,0,4,0,proton.me,standard,0,0
PR000000966,1/22/2026,C002378,46,2050,0,M000326,gaming,0.5225928413705087,42.51,GBP,card,web,0,windows,4130f07e96c1a145,DE,IE,PL,1,1,2,4,0,gmail.com,standard,0,1
PR000000967,1/22/2026,C001642,58,921,1,M000433,gaming,0.513605289,25.65,GBP,bank_transfer,mobile_app,0,ios,07594e1c1093819c,IE,GB,IE,1,0,0,0,0,gmail.com,standard,0,0
PR000000968,1/22/2026,C001673,20,767,0,M000092,utilities,,13.31,EUR,card,web,0,linux,,DE,GB,IE,1,1,4,5,0,gmail.com,standard,0,1
PR000000969,1/22/2026,C001266,69,294,0,M000372,gaming,0.421693734,17.87,USD,card,mobile_app,0,ios,d1b59063eb3ab036,IT,ES,GB,1,0,0,5,0,gmail.com,standard,0,0
PR000000970,1/22/2026,C000120,40,73,0,M000234,grocery,0.2090273721985151,35.78,EUR,card,web,0,macos,995ec54a5e163ca5,DE,IE,US,1,0,0,4,0,yahoo.com,standard,0,0
PR000000971,1/22/2026,C002069,79,1997,0,M000359,digital_goods,0.5546334220055674,12.69,EUR,wallet,web,0,ios,d8c684d060194791,DE,ES,DE,1,0,0,3,0,icloud.com,standard,0,0
PR000000972,1/22/2026,C000975,32,2610,0,M000370,health,0.4139313509829229,24.08,GBP,wallet,web,0,android,6dd3100b4d68920e,IE,DE,PL,1,0,1,3,0,gmail.com,standard,0,0
PR000000973,1/22/2026,C001841,22,238,0,M000144,marketplace,0.6225533093484252,15.21,EUR,card,mobile_app,0,android,4d063453983af473,SE,GB,ES,1,0,1,3,0,,gift_cards,0,0
PR000000974,1/22/2026,C000146,21,652,0,M000129,grocery,0.19181211526414835,107.06,EUR,card,pos,0,android,f4549a43333eda4b,GB,US,GB,1,0,2,1,0,business.com,standard,0,0
PR000000975,1/22/2026,C001118,39,2846,0,M000344,telecoms,0.4196699451201469,36.05,EUR,card,web,0,ios,,GB,NL,NL,1,0,0,4,0,gmail.com,standard,0,0
PR000000976,1/22/2026,C000338,21,195,0,M000478,restaurants,0.3689825225888562,27.21,EUR,wallet,pos,1,windows,,GB,SE,US,1,0,0,2,0,business.com,standard,0,0
PR000000977,1/22/2026,C001553,48,1199,0,M000011,grocery,0.45810442983001937,261.35,EUR,card,web,0,ios,8ee45d67f3099cdb,IE,IE,IE,0,0,0,4,0,outlook.com,gift_cards,0,0
PR000000978,1/23/2026,C001158,55,3614,0,M000415,grocery,0.01,39.07,EUR,card,web,0,macos,,GB,IT,US,1,0,0,2,0,icloud.com,standard,0,0
PR000000979,1/23/2026,C000666,37,540,0,M000174,restaurants,0.47098109124133014,40.78,EUR,bank_transfer,pos,1,ios,e3546de72e34f15c,IE,IE,ES,1,0,0,4,0,business.com,standard,0,0
PR000000980,1/23/2026,C001668,70,3116,0,M000139,grocery,0.35338579721774244,82.71,EUR,card,mobile_app,0,android,86698d22a4a64244,IE,FR,DE,1,1,2,5,0,outlook.com,standard,0,1
PR000000981,1/23/2026,C001042,34,1029,0,M000476,grocery,0.400774661,27.7,EUR,card,mobile_app,0,linux,,SE,FR,DE,1,0,0,0,0,business.com,gift_cards,0,0
PR000000982,1/23/2026,C001905,41,2250,0,M000136,digital_goods,0.5380594887162926,29.72,EUR,card,web,0,ios,1ec310186843aa8b,IE,NL,GB,1,0,1,2,0,outlook.com,standard,0,0
PR000000983,1/23/2026,C001182,40,3478,0,M000115,grocery,0.15903331442983673,35.09,EUR,card,web,0,android,,IT,GB,GB,1,0,1,3,0,business.com,standard,0,0
PR000000984,1/23/2026,C000324,52,1202,0,M000359,grocery,,35.25,EUR,card,web,0,android,1c0b75e0ba89940a,SE,IE,IE,1,0,0,1,0,gmail.com,standard,0,0
PR000000985,1/23/2026,C000914,18,3324,0,M000414,telecoms,0.368132171,173.29,GBP,wallet,mobile_app,0,macos,f0e2e3c202d053ea,ES,ES,IE,1,0,0,2,0,outlook.com,standard,0,0
PR000000986,1/23/2026,C000546,70,1186,0,M000225,marketplace,0.47446577443363575,40.67,EUR,card,web,0,windows,cc1ac30b49404bf6,GB,GB,ES,1,0,0,1,0,business.com,standard,0,0
PR000000987,1/23/2026,C000581,22,35,0,M000042,electronics,0.7292800484661406,53.25,EUR,card,pos,1,linux,111babfe84a270d4,DE,ES,FR,1,0,0,3,0,yahoo.com,gift_cards,0,0
PR000000988,1/23/2026,C000968,25,518,1,M000152,fashion,,36.46,EUR,card,web,0,android,826bf2d3d9dfb252,FR,IE,GB,1,0,0,4,0,gmail.com,subscription,0,0
PR000000989,1/23/2026,C000448,46,3483,0,M000125,health,0.4700018408757745,70.15,EUR,card,mobile_app,0,ios,35e384df84f54cbd,GB,DE,NL,1,0,1,0,0,business.com,standard,0,0
PR000000990,1/23/2026,C001803,60,755,0,M000463,marketplace,0.5299544085969321,48.76,GBP,card,web,0,ios,4a3f0abe81cbe01f,IE,DE,IE,1,0,0,3,0,icloud.com,standard,0,0
PR000000991,1/23/2026,C001856,40,1427,0,M000286,digital_goods,0.43020951266643437,11.5,EUR,card,web,0,ios,00bfa17fbb8b425d,GB,PL,DE,1,1,1,2,0,outlook.com,standard,0,0
PR000000992,1/23/2026,C001991,27,1826,0,M000471,restaurants,0.36861426399983493,53.26,EUR,card,web,0,ios,,GB,IE,DE,1,0,0,6,0,gmail.com,standard,0,0
PR000000993,1/23/2026,C000681,34,799,0,M000318,restaurants,0.3957538238845315,11.43,GBP,card,mobile_app,0,macos,a0ed40f519bc6414,IE,GB,ES,1,0,0,0,0,icloud.com,standard,0,0
PR000000994,1/23/2026,C001930,28,3165,0,M000289,marketplace,0.35906606172290634,10.3,EUR,wallet,web,0,linux,,IE,IE,GB,1,0,2,2,0,icloud.com,standard,0,0
PR000000995,1/23/2026,C000769,66,2717,1,M000460,digital_goods,,29.36,EUR,card,mobile_app,0,android,5a06a4fe7faecf85,DE,IE,NL,1,0,0,4,0,business.com,standard,0,0
PR000000996,1/23/2026,C002086,48,241,1,M000204,services,0.3656318547136178,42.65,EUR,card,mobile_app,0,android,2021080e0e0791fe,GB,DE,FR,1,0,0,1,0,outlook.com,standard,0,0
PR000000997,1/23/2026,C000410,59,1367,0,M000180,telecoms,0.46769829551006514,18.49,EUR,card,mobile_app,0,ios,253dc74ffd501bbe,FR,GB,GB,1,0,1,1,0,gmail.com,standard,0,0
PR000000998,1/23/2026,C002079,51,1390,0,M000142,electronics,0.41154213233672177,25.31,EUR,card,pos,1,ios,d86ade27eda6e5ac,DE,IE,IE,1,0,0,4,0,gmail.com,standard,0,0
PR000000999,1/23/2026,C001517,63,820,0,M000219,utilities,0.26075729990373453,53.69,EUR,card,web,0,ios,510752f2a69b9c77,US,IE,US,1,0,0,5,0,outlook.com,gift_cards,0,0
PR000001000,1/23/2026,C000892,47,1612,0,M000024,health,0.22396368608359857,187.36,GBP,card,mobile_app,0,windows,e9636f905587f6a7,SE,DE,SE,1,0,0,6,0,outlook.com,standard,0,0
PR000001001,1/23/2026,C000147,41,1160,0,M000076,services,0.3099357486662453,14.36,EUR,card,in_app,0,ios,,US,NL,IE,1,0,0,4,0,proton.me,standard,0,0
PR000001002,1/23/2026,C002324,65,507,0,M000066,restaurants,0.2615684062387809,32.73,EUR,card,mobile_app,0,android,874265747b8e5488,PL,IE,BR,1,0,0,1,1,yahoo.com,standard,0,0
PR000001003,1/23/2026,C001265,76,779,0,M000268,telecoms,0.44212775030175105,43.65,GBP,card,web,0,linux,,DE,IE,IT,1,0,1,1,0,outlook.com,standard,0,0
PR000001004,1/23/2026,C002236,58,380,0,M000123,electronics,0.733316744,43.29,GBP,card,web,0,android,1e1f6eb679cb824b,DE,IE,US,1,0,1,3,0,gmail.com,standard,0,0
PR000001005,1/23/2026,C001778,75,106,0,M000198,fashion,,34.14,EUR,card,web,0,windows,,IE,IE,IE,0,0,0,4,0,,standard,0,0
PR000001006,1/23/2026,C000194,67,3486,0,M000036,restaurants,0.26727276030694025,135.55,EUR,card,mobile_app,0,macos,d05dcc94bf3f6adf,FR,GB,GB,1,0,0,1,0,outlook.com,standard,0,0
PR000001007,1/23/2026,C001403,58,1131,0,M000063,services,0.4703780429187914,27.99,USD,wallet,web,0,ios,0dca35b1d05ba905,DE,US,IE,1,0,1,3,0,gmail.com,standard,0,0
PR000001008,1/23/2026,C000960,70,687,0,M000338,fashion,0.2509077953663015,14.31,EUR,bank_transfer,mobile_app,0,ios,a2e24928285913fc,NL,DE,BR,1,0,0,,0,business.com,standard,0,0
PR000001009,1/23/2026,C000931,53,2293,0,M000052,grocery,0.12121094210438088,128.68,GBP,card,web,0,macos,8e0a738db10e5217,IE,IT,GB,1,0,0,3,0,yahoo.com,standard,0,0
PR000001010,1/23/2026,C001670,64,441,0,M000137,fashion,0.1957509933699441,72.63,EUR,bank_transfer,web,0,macos,361dcac8ee826659,US,DE,PL,1,0,1,5,0,yahoo.com,standard,0,0
PR000001011,1/23/2026,C002454,75,2417,0,M000350,fashion,0.1935165154280025,30.41,USD,card,mobile_app,0,linux,957e4980f3b0aed1,NL,IE,IE,1,0,0,6,0,business.com,gift_cards,0,0
PR000001012,1/23/2026,C000640,31,811,0,M000123,marketplace,0.5027123059851738,56.89,EUR,card,web,0,android,2ef8827b2cc1fb31,GB,IE,IE,1,0,1,7,0,icloud.com,standard,0,0
PR000001013,1/23/2026,C000810,79,3387,0,M000275,services,0.517992399,62.14,EUR,card,mobile_app,0,android,ad631ec1c6b27d0f,IE,GB,DE,1,0,0,3,0,gmail.com,gift_cards,0,0
PR000001014,1/23/2026,C000602,55,2911,0,M000205,services,0.26957248449255405,33.37,USD,card,mobile_app,0,android,5de54d82c8fd6373,DE,IE,ES,1,0,0,2,0,icloud.com,standard,0,0
PR000001015,1/23/2026,C000078,76,1041,0,M000142,grocery,0.23812666789580955,85.49,GBP,card,web,0,ios,e9ff27e0e1a1eb74,GB,SE,NL,1,0,0,5,0,gmail.com,standard,0,0
PR000001016,1/23/2026,C001641,28,1488,0,M000008,utilities,0.01,5.31,EUR,card,web,0,ios,b3273276477742a7,NL,ES,IE,1,0,0,4,0,business.com,standard,0,0
PR000001017,1/23/2026,C000336,34,2196,1,M000065,fashion,0.24790253585976435,9.74,GBP,card,web,0,ios,06a0564b80ce9214,GB,DE,IT,1,0,0,4,0,gmail.com,standard,0,0
PR000001018,1/23/2026,C000072,65,2258,0,M000140,marketplace,0.6274879561966961,8.89,GBP,card,mobile_app,0,linux,c087cff67aa4b067,DE,DE,NL,1,0,0,4,0,business.com,standard,0,0
PR000001019,1/23/2026,C000633,34,378,0,M000016,health,0.13845235383617666,16.32,EUR,card,mobile_app,0,android,7595051674cacde8,SE,US,US,1,0,0,5,0,outlook.com,standard,0,0
PR000001020,1/23/2026,C000905,54,2848,0,M000076,travel,0.4988978872555526,45.8,EUR,card,mobile_app,0,windows,77e356c53bb3e3fe,FR,IE,IE,1,0,0,0,0,gmail.com,standard,0,0
PR000001021,1/23/2026,C000033,48,1955,0,M000048,digital_goods,0.623533951,30.38,EUR,bank_transfer,pos,1,android,216f81bf9194bb0f,ES,GB,GB,1,0,0,1,0,outlook.com,subscription,0,0
PR000001022,1/24/2026,C001027,36,2461,0,M000262,digital_goods,0.6161302467880025,59.61,EUR,card,web,0,android,e5a44e29ace2d763,FR,IE,DE,1,0,0,4,0,business.com,standard,0,0
PR000001023,1/24/2026,C001235,46,2155,0,M000254,utilities,0.10145011211049249,28.2,EUR,card,web,0,ios,b96a4ce44dc7516e,IE,GB,IE,1,0,0,2,0,gmail.com,standard,0,0
PR000001024,1/24/2026,C002479,29,2123,0,M000470,services,,7.44,EUR,card,mobile_app,0,android,8cacbc387ba64798,NL,GB,IT,1,0,0,2,0,student.edu,standard,0,0
PR000001025,1/24/2026,C001069,52,1607,0,M000387,health,0.22172318092704923,63.09,EUR,wallet,web,0,android,1027e3b525a5d1b1,PL,GB,PL,1,0,0,3,0,outlook.com,standard,0,0
PR000001026,1/24/2026,C000736,33,3400,1,M000091,fashion,0.2991806312120795,18.99,EUR,card,web,0,ios,,ES,IE,US,1,0,1,3,0,gmail.com,standard,0,0
PR000001027,1/24/2026,C001731,59,3069,0,M000478,utilities,0.3004540998010906,48.89,EUR,card,mobile_app,0,ios,8c31cbebd59b53a8,IE,GB,GB,1,0,1,2,0,gmail.com,standard,0,0
PR000001028,1/24/2026,C001676,19,1740,0,M000272,travel,0.7215401304774496,13.88,EUR,card,pos,1,ios,70aea9745213f2c5,IT,US,IE,1,0,0,3,1,,standard,0,0
PR000001029,1/24/2026,C001065,51,2470,0,M000335,digital_goods,0.5161138089028651,62.22,EUR,bank_transfer,mobile_app,0,macos,f51636afebb0a28a,ES,GB,DE,1,0,1,4,0,gmail.com,standard,0,0
PR000001030,1/24/2026,C002039,39,3326,0,M000338,grocery,0.36908797627255346,32.22,EUR,card,mobile_app,0,android,,IE,DE,SE,1,0,0,1,0,gmail.com,subscription,0,0
PR000001031,1/24/2026,C000621,44,2003,0,M000305,services,0.3042990933154936,82.7,USD,card,pos,1,ios,0d8f222c7b54dac3,GB,IT,ES,1,0,,1,0,yahoo.com,standard,0,0
PR000001032,1/24/2026,C001259,68,2895,1,M000240,grocery,0.22766217050223742,12.5,EUR,card,web,0,macos,aedc0c05195f86c9,IE,GB,GB,1,0,1,6,0,gmail.com,standard,0,0
PR000001033,1/24/2026,C000017,30,2590,1,M000303,restaurants,0.22939763745603586,18.24,EUR,wallet,web,0,android,9961dd7dc5bb512c,DE,FR,GB,1,0,1,2,0,gmail.com,subscription,0,0
PR000001034,1/24/2026,C000113,72,2192,0,M000359,services,0.29732026962830393,81.21,EUR,bank_transfer,web,0,ios,8d010318af0943ef,DE,GB,IE,1,0,1,3,0,outlook.com,standard,0,0
PR000001035,1/24/2026,C001767,31,659,1,M000013,electronics,0.5924483232639658,31.43,EUR,card,web,0,ios,3db0645e9d2f24ec,ES,GB,NL,1,0,1,1,0,gmail.com,standard,0,0
PR000001036,1/24/2026,C000596,32,2044,0,M000304,telecoms,0.41599777495188195,13.68,GBP,card,web,0,ios,ce8b45b4562d9a3e,IE,NL,IE,1,1,2,6,0,gmail.com,standard,0,1
PR000001037,1/24/2026,C000249,65,1953,1,M000019,fashion,0.34592931024694246,37.67,EUR,wallet,mobile_app,0,android,5d8ade115e5663c6,ES,SE,DE,1,0,0,1,0,proton.me,standard,0,0
PR000001038,1/24/2026,C000453,31,709,0,M000411,grocery,,40.13,EUR,card,web,0,ios,4f6e28e291ddca1f,GB,IE,SE,1,0,2,3,0,outlook.com,standard,0,0
PR000001039,1/24/2026,C002542,31,2302,0,M000174,services,0.34945564717983685,23.62,USD,card,web,0,windows,a9ee3598a3a58125,PL,GB,FR,1,0,1,1,0,student.edu,standard,0,0
PR000001040,1/24/2026,C001276,68,1126,0,M000152,utilities,0.3911612541035772,61.6,EUR,bank_transfer,pos,1,windows,16446f27d756641a,ES,IE,IT,1,0,0,4,0,business.com,standard,0,0
PR000001041,1/24/2026,C000971,46,2534,0,M000357,digital_goods,0.5891777450173538,30.55,EUR,card,mobile_app,0,macos,b0f61b656c0c8612,IE,DE,PL,1,0,0,1,0,icloud.com,standard,0,0
PR000001042,1/24/2026,C002580,20,1279,0,M000134,restaurants,0.1054790529792286,150.45,EUR,bank_transfer,mobile_app,0,macos,,IE,SE,NL,1,0,,0,0,gmail.com,standard,0,0
PR000001043,1/24/2026,C000999,45,2512,1,M000383,health,0.421389809,28.66,EUR,card,mobile_app,0,ios,31b5dfd76410a31a,ES,IE,FR,1,0,0,3,0,outlook.com,standard,0,0
PR000001044,1/24/2026,C002135,68,3568,0,M000384,utilities,0.23842878626216996,63.9,EUR,card,mobile_app,0,linux,13a5da9617cfe279,IE,IT,GB,1,0,0,2,0,outlook.com,standard,0,0
PR000001045,1/24/2026,C001675,69,2555,0,M000424,travel,0.6316844441303545,9.82,EUR,card,web,0,macos,1e62a8f4ec1e97c0,IE,IE,FR,1,0,,3,0,,standard,0,0
PR000001046,1/24/2026,C001256,42,131,1,M000181,health,,76.95,USD,wallet,web,0,linux,5b24da47d59d3a1a,GB,IE,US,1,0,1,4,0,gmail.com,standard,0,0
PR000001047,1/24/2026,C002570,55,3238,0,M000255,telecoms,0.28362359542580534,96.16,GBP,card,mobile_app,0,android,4add3c917ec9f1f5,DE,US,IT,1,0,0,4,0,,gift_cards,0,0
PR000001048,1/24/2026,C000526,42,3085,0,M000255,fashion,0.2733168908952536,40.62,EUR,bank_transfer,pos,1,macos,b6a6cd7021448294,US,FR,DE,1,0,1,3,0,gmail.com,standard,0,0
PR000001049,1/24/2026,C000130,72,2822,0,M000438,electronics,0.6810930971574531,16.96,USD,card,web,0,ios,f5a8a0209aed0e0e,IE,FR,IE,1,0,1,2,0,outlook.com,standard,0,0
PR000001050,1/24/2026,C001796,40,1036,0,M000347,restaurants,0.21190815358887238,19.34,EUR,card,pos,1,android,b5c2107efc5bd35f,GB,IE,IE,1,1,5,4,0,gmail.com,standard,0,1
PR000001051,1/24/2026,C001008,77,237,0,M000069,fashion,0.5252341731977843,22.04,EUR,card,web,0,ios,5ebda21d18d0e076,FR,GB,BR,1,0,0,4,0,icloud.com,standard,0,0
PR000001052,1/24/2026,C001099,61,3401,0,M000131,electronics,0.5890392477224295,9.7,USD,card,mobile_app,0,ios,a1f18a458deeabca,IE,IE,GB,1,0,0,2,0,gmail.com,standard,0,0
PR000001053,1/24/2026,C002532,36,2126,0,M000358,fashion,0.4835559406304921,23.9,EUR,wallet,web,0,linux,,IE,NL,ES,1,0,1,3,0,outlook.com,standard,1,0
PR000001054,1/24/2026,C001990,27,1808,1,M000070,grocery,,68.52,GBP,card,web,0,macos,93ab368f2fb9a0b5,IT,IT,IE,1,0,0,2,0,outlook.com,standard,0,0
PR000001055,1/24/2026,C001065,66,2239,0,M000065,digital_goods,0.6525554240425855,32.6,EUR,card,mobile_app,0,linux,63b47972561380d6,IE,IE,DE,1,0,1,4,0,outlook.com,standard,0,0
PR000001056,1/24/2026,C000765,76,2840,0,M000161,fashion,0.49029068651280544,13.67,EUR,card,in_app,0,ios,bdb49cbcde4bf066,IE,IE,BR,0,1,1,7,1,yahoo.com,standard,0,1
PR000001057,1/24/2026,C000158,44,733,0,M000052,grocery,,20.09,EUR,card,mobile_app,0,linux,,IE,IE,NL,1,0,0,3,0,gmail.com,standard,0,0
PR000001058,1/24/2026,C001437,38,1742,0,M000414,grocery,0.26406959156315635,10.03,USD,card,web,0,android,4634a2f80a061f18,IE,FR,SE,1,0,0,4,1,gmail.com,subscription,0,0
PR000001059,1/24/2026,C000654,18,1377,0,M000363,grocery,0.5793816585144007,53.71,GBP,card,pos,1,android,2abf9ba730439bfd,IE,IE,US,1,0,0,4,0,gmail.com,standard,0,0
PR000001060,1/24/2026,C000384,33,3331,0,M000250,digital_goods,0.6041721835006617,29.97,EUR,bank_transfer,in_app,0,ios,0d1a5f31698ec5e7,DE,IE,GB,1,0,0,0,0,gmail.com,standard,0,0
PR000001061,1/24/2026,C001384,47,1532,0,M000321,telecoms,0.4385863573052878,69.17,EUR,wallet,mobile_app,0,macos,9124625ad675b103,IE,IE,SE,1,1,2,3,0,business.com,gift_cards,0,1
PR000001062,1/24/2026,C001325,34,3164,0,M000323,services,0.41505563206129975,45.61,EUR,card,web,0,android,ff53ea226a8a311b,IE,PL,IT,1,0,0,4,0,yahoo.com,standard,0,0
PR000001063,1/24/2026,C002093,55,2294,0,M000316,marketplace,0.8729380777385509,18.28,EUR,card,mobile_app,0,ios,e3870f968c67d79c,IE,NL,US,1,0,0,2,0,outlook.com,standard,0,0
PR000001064,1/25/2026,C000513,69,1246,0,M000335,digital_goods,0.5512764188538153,36.76,USD,card,web,0,android,f3f03aa2b87a0d14,US,IE,IE,1,0,1,3,0,gmail.com,gift_cards,0,0
PR000001065,1/25/2026,C001752,72,1552,0,M000318,gaming,0.4935032658934331,77.41,EUR,card,web,0,android,d15a3187a48f2e38,GB,ES,FR,1,1,0,5,0,gmail.com,subscription,0,1
PR000001066,1/25/2026,C000775,61,3073,0,M000470,grocery,0.29171676986316913,11.86,GBP,card,pos,1,android,c475c6dac49735c7,IE,IE,FR,1,0,0,2,0,gmail.com,standard,0,0
PR000001067,1/25/2026,C002401,41,999,0,M000299,restaurants,0.3480201010513278,13.38,EUR,card,mobile_app,0,ios,dccd2460d340fcba,IE,IE,ES,1,0,0,3,0,business.com,standard,0,0
PR000001068,1/25/2026,C001779,54,772,0,M000140,marketplace,0.5299480106426094,103.16,EUR,card,web,0,ios,,IE,PL,GB,1,0,1,2,0,outlook.com,standard,1,0
PR000001069,1/25/2026,C000980,32,967,0,M000253,services,0.3431257253258826,159.54,EUR,card,web,0,ios,0614c6121bc25413,IE,IE,FR,1,0,1,3,0,outlook.com,standard,0,0
PR000001070,1/25/2026,C002232,73,3352,0,M000007,restaurants,0.3967215710911815,65.28,EUR,card,web,0,ios,91ee57c6139f12f9,IE,GB,GB,1,1,1,5,0,yahoo.com,standard,0,1
PR000001071,1/25/2026,C001994,75,2626,0,M000441,utilities,0.379692302,30.42,EUR,card,web,0,ios,3ab1fd21b5f2987f,GB,IE,FR,1,0,0,3,0,yahoo.com,standard,0,0
PR000001072,1/25/2026,C002146,67,582,1,M000200,travel,0.6175073899434336,14.63,EUR,bank_transfer,mobile_app,0,macos,59ecb547de43b121,DE,GB,IE,1,0,1,3,0,outlook.com,standard,0,0
PR000001073,1/25/2026,C001444,79,2684,0,M000202,marketplace,0.6902668201325213,31.53,USD,card,web,0,macos,af0fdb6d56a2a8f1,IE,IE,IT,1,0,1,3,0,gmail.com,standard,0,0
PR000001074,1/25/2026,C001701,38,2641,0,M000429,services,0.3479581663039887,73.87,GBP,wallet,pos,1,macos,69c473a127a737f7,DE,IE,DE,1,1,1,6,0,gmail.com,standard,0,0
PR000001075,1/25/2026,C002242,65,1691,0,M000418,services,0.3546397423468332,14.18,EUR,card,mobile_app,0,android,4a26ef812ee8116c,NL,NL,GB,1,0,1,0,0,,standard,0,0
PR000001076,1/25/2026,C000294,28,2706,0,M000101,health,0.29483674957789224,112.55,GBP,card,pos,1,ios,bb060e0f327a5686,IE,ES,FR,1,0,0,4,0,business.com,standard,0,0
PR000001077,1/25/2026,C001042,25,1525,0,M000412,utilities,0.39735651008726863,53.71,EUR,bank_transfer,mobile_app,0,android,ceaeea16a29f99ce,IE,IE,ES,1,0,0,1,0,outlook.com,standard,0,0
PR000001078,1/25/2026,C001775,26,2763,0,M000047,grocery,0.23090491353244907,14.49,EUR,card,mobile_app,0,android,,IE,FR,GB,1,0,1,2,0,outlook.com,standard,0,0
PR000001079,1/25/2026,C002592,77,1104,1,M000123,restaurants,0.46118869812789653,63.98,EUR,card,web,0,ios,,PL,FR,IE,1,0,1,4,0,proton.me,standard,0,0
PR000001080,1/25/2026,C001866,77,1620,0,M000425,telecoms,0.365562029,118.64,GBP,card,web,0,ios,b6f44587d16d82e1,GB,FR,ES,1,0,0,0,0,business.com,subscription,1,0
PR000001081,1/25/2026,C001503,78,892,1,M000060,health,0.2319319825229596,52.83,EUR,bank_transfer,pos,1,ios,7dd5c9615890d604,PL,IE,GB,1,0,1,3,0,gmail.com,subscription,0,0
PR000001082,1/25/2026,C000670,23,537,0,M000166,grocery,,272.54,USD,card,mobile_app,0,ios,58fe83db279c6074,DE,IE,NL,1,0,0,4,0,outlook.com,gift_cards,0,0
PR000001083,1/25/2026,C001800,31,955,0,M000239,utilities,0.090611733,19.75,GBP,card,mobile_app,0,android,bc0442f4a5fc2be0,IE,GB,ES,1,0,0,2,0,,standard,0,0
PR000001084,1/25/2026,C001632,49,1690,0,M000142,services,0.5220244885346155,72.57,EUR,card,mobile_app,0,android,cea71d28f2beecf5,US,PL,IE,1,0,0,3,0,yahoo.com,standard,0,0
PR000001085,1/25/2026,C002590,21,1071,0,M000184,grocery,0.35478282414223317,53.46,EUR,card,web,0,ios,f0170620e06bab12,IE,IE,GB,1,0,1,1,0,gmail.com,subscription,0,0
PR000001086,1/25/2026,C002471,57,1458,0,M000290,marketplace,0.7644042209786651,62.27,EUR,card,web,0,android,c952a336f60991cf,IE,IE,IT,1,0,0,2,0,gmail.com,standard,0,0
PR000001087,1/25/2026,C000857,53,197,0,M000137,telecoms,0.4446375952639545,45.97,EUR,card,web,0,android,62f843482a123539,IT,FR,US,1,0,0,2,0,gmail.com,gift_cards,0,0
PR000001088,1/25/2026,C001515,42,1334,0,M000376,electronics,0.49850546134587115,24.09,GBP,card,mobile_app,0,ios,280fbcabb5b93790,IE,SE,DE,1,0,0,0,0,outlook.com,standard,0,0
PR000001089,1/25/2026,C001794,73,3330,0,M000267,gaming,0.4547902113874369,46.17,EUR,card,web,0,ios,221e989559a3b17a,FR,NL,IE,1,0,1,6,0,proton.me,standard,0,0
PR000001090,1/25/2026,C002291,39,1916,0,M000452,grocery,0.14451165005974984,28.55,EUR,card,web,0,macos,8db4e5212f80904c,PL,IE,FR,1,0,1,5,0,business.com,standard,0,0
PR000001091,1/25/2026,C002172,25,248,0,M000361,fashion,0.3709272908109454,33.54,EUR,card,web,0,ios,415de457638fc0c7,FR,NL,FR,1,0,2,3,0,yahoo.com,standard,0,0
PR000001092,1/25/2026,C000251,74,1797,1,M000410,travel,0.6924654701792142,20.03,EUR,card,web,0,ios,539ca4b0464179b1,IE,IE,GB,1,0,1,1,0,yahoo.com,standard,0,0
PR000001093,1/25/2026,C002392,76,93,0,M000204,restaurants,0.10894656591994453,30.19,EUR,card,web,0,android,4624d5079018fc28,PL,US,IT,1,0,0,1,0,proton.me,standard,0,0
PR000001094,1/25/2026,C000296,33,2229,0,M000034,gaming,0.5252658610425887,93.57,EUR,card,in_app,1,macos,de1325e8f2896223,GB,FR,IE,1,1,1,5,0,yahoo.com,standard,0,0
PR000001095,1/25/2026,C000436,28,552,0,M000355,telecoms,0.4830777796948981,72.34,EUR,card,web,0,ios,b602e36ffda13977,IE,GB,IE,1,0,1,3,0,gmail.com,standard,0,0
PR000001096,1/25/2026,C000519,53,3294,0,M000294,grocery,0.20026959148423273,67.05,USD,card,web,0,windows,07f684369a25a2a1,IT,ES,US,1,0,0,4,0,outlook.com,standard,0,0
PR000001097,1/25/2026,C002593,40,1972,0,M000429,grocery,0.4865989275906758,11.47,GBP,card,pos,1,macos,,IE,US,PL,1,0,0,0,0,icloud.com,standard,0,0
PR000001098,1/26/2026,C001373,50,1743,0,M000105,digital_goods,0.6115953049618388,23.48,GBP,card,web,0,macos,67a7e01b6e53de9e,US,GB,DE,1,0,1,3,0,business.com,standard,0,0
PR000001099,1/26/2026,C000884,29,160,0,M000456,grocery,0.11191072247764536,11.1,EUR,wallet,web,0,ios,8c95226e28245a68,IE,DE,PL,1,1,0,7,0,,standard,0,0
PR000001100,1/26/2026,C001469,27,2396,0,M000015,travel,0.7610309721078407,19.54,EUR,card,mobile_app,0,android,947bcd85989fdd6c,IE,IE,FR,1,0,0,2,0,gmail.com,gift_cards,0,0
PR000001101,1/26/2026,C002584,78,1377,1,M000025,grocery,0.15235831434369135,18.19,EUR,bank_transfer,web,0,windows,6f6cc63942fbe9a0,GB,PL,IE,1,0,0,1,0,icloud.com,standard,0,0
PR000001102,1/26/2026,C001300,51,1798,0,M000259,marketplace,0.6194755161221377,23.69,EUR,card,pos,1,linux,b275c18b834d2cb0,IE,GB,IE,1,0,0,4,0,gmail.com,standard,0,0
PR000001103,1/26/2026,C002274,69,145,0,M000144,fashion,0.30935509298490355,48.26,EUR,card,web,0,ios,f3f12d378dcad50b,FR,IE,IE,1,0,0,4,0,gmail.com,standard,0,0
PR000001104,1/26/2026,C001571,28,3129,0,M000307,utilities,0.24165686503533199,160.49,EUR,wallet,pos,1,android,1f00d34f727d5494,GB,GB,IE,1,0,1,2,0,yahoo.com,standard,0,0
PR000001105,1/26/2026,C000592,58,2274,0,M000156,telecoms,,28.72,EUR,card,mobile_app,0,android,8b1a13e6611ceed6,DE,IE,IE,1,0,0,1,0,gmail.com,standard,0,0
PR000001106,1/26/2026,C000560,57,508,0,M000292,fashion,0.44320737063916826,12.67,EUR,card,mobile_app,0,linux,52b3a464b555e7df,US,SE,IE,1,0,0,0,0,gmail.com,standard,0,0
PR000001107,1/26/2026,C000286,51,2255,0,M000244,gaming,0.43580751498895437,45.55,GBP,card,web,0,ios,4152fafc972b2435,SE,IE,IE,1,0,2,5,0,business.com,standard,0,0
PR000001108,1/26/2026,C001628,32,2067,1,M000317,fashion,0.3297620588614524,71.78,GBP,card,mobile_app,0,android,d2cad62b8ac3f491,IE,GB,IE,1,0,0,0,1,gmail.com,standard,0,0
PR000001109,1/26/2026,C000363,56,213,0,M000406,utilities,,10.77,USD,card,web,0,android,65762d269ff5ccb9,FR,FR,IE,1,1,2,9,0,gmail.com,standard,0,1
PR000001110,1/26/2026,C000141,35,1751,0,M000264,grocery,0.17447062770999305,36.76,EUR,card,in_app,0,android,239ce962f9d9f5e6,IE,IE,IT,1,0,0,0,0,proton.me,standard,0,0
PR000001111,1/26/2026,C000931,64,538,0,M000416,services,0.3559255150939026,15.02,EUR,card,mobile_app,0,android,,IE,GB,US,1,0,0,2,0,icloud.com,gift_cards,0,0
PR000001112,1/26/2026,C001965,74,661,0,M000152,marketplace,0.4022334490265541,63.78,GBP,card,web,0,ios,81531b9d88986bf9,DE,ES,IE,1,0,0,3,0,gmail.com,standard,0,0
PR000001113,1/26/2026,C000027,37,589,0,M000257,services,0.42032447977210086,21.9,EUR,card,web,0,ios,219613569417240e,PL,IE,ES,1,0,0,5,0,business.com,standard,0,0
PR000001114,1/26/2026,C001420,57,118,0,M000183,electronics,0.4549435738563551,11.65,GBP,bank_transfer,pos,1,windows,68b5226cf988307a,US,SE,IE,1,0,0,0,0,,subscription,0,0
PR000001115,1/26/2026,C000140,25,1814,1,M000470,services,0.5273736089864643,47.49,EUR,card,web,0,linux,10698717a6b0d1d0,DE,SE,GB,1,0,0,4,0,outlook.com,gift_cards,0,0
PR000001116,1/26/2026,C000830,27,1207,0,M000307,restaurants,0.29899781618635907,69.6,USD,card,web,0,macos,,IE,GB,BR,1,0,0,2,0,icloud.com,standard,0,0
PR000001117,1/26/2026,C001813,77,444,1,M000319,services,0.3851028439148803,9.61,EUR,card,mobile_app,0,windows,3aa4a7c503180b06,ES,FR,DE,1,0,1,1,0,yahoo.com,standard,0,0
PR000001118,1/26/2026,C000441,34,95,0,M000032,fashion,0.23851705751463298,235.47,EUR,card,pos,1,linux,1d321e546fc532f1,GB,NL,US,1,0,0,1,0,outlook.com,gift_cards,0,0
PR000001119,1/26/2026,C002289,62,166,0,M000130,restaurants,0.13788062992423653,44.01,EUR,card,web,0,ios,dc4433b110e279ee,NL,NL,IE,1,0,1,7,0,gmail.com,standard,0,0
PR000001120,1/26/2026,C001803,71,3381,0,M000257,gaming,0.4032472615811821,317.03,GBP,card,web,0,macos,1160fb36f50ab4b9,IE,IE,GB,1,0,1,3,0,gmail.com,gift_cards,0,1
PR000001121,1/26/2026,C001525,28,2229,1,M000337,grocery,0.29519676244892823,16.37,GBP,bank_transfer,mobile_app,0,macos,0f7b0c68eef1ffb6,IE,NL,GB,1,1,1,6,0,student.edu,standard,0,0
PR000001122,1/26/2026,C002511,51,625,0,M000318,digital_goods,0.6943758893410803,10.36,EUR,card,web,0,android,e5732aca2630d499,IT,FR,US,1,0,1,0,1,icloud.com,standard,0,0
PR000001123,1/26/2026,C002161,49,2555,0,M000013,utilities,0.1647493536105107,37.69,USD,card,web,0,macos,22c2b27ff844abd3,FR,IE,FR,1,0,,6,0,gmail.com,standard,0,0
PR000001124,1/26/2026,C001876,56,1527,0,M000466,electronics,0.6552241632192108,29.72,EUR,card,mobile_app,0,android,bfb64492d5431aea,FR,IE,PL,1,0,1,0,0,,standard,0,0
PR000001125,1/26/2026,C001302,69,1774,1,M000283,gaming,0.34996993895347056,16.16,USD,bank_transfer,mobile_app,0,ios,5a1f7e007de3bd90,IE,GB,IE,1,0,0,3,0,gmail.com,standard,0,0
PR000001126,1/26/2026,C002068,43,903,0,M000129,gaming,0.443521915,32.77,EUR,card,web,0,linux,519748c0690bc2ad,FR,GB,US,1,0,1,2,0,student.edu,standard,0,0
PR000001127,1/26/2026,C001190,55,2220,0,M000374,health,0.30254842727343384,36.01,GBP,bank_transfer,mobile_app,0,macos,,FR,FR,IE,1,0,0,2,0,gmail.com,standard,0,0
PR000001128,1/26/2026,C002369,62,654,0,M000417,gaming,0.4326925374622299,19.84,GBP,card,mobile_app,0,android,d92e7f29a43f20b0,FR,IE,NL,1,0,1,4,0,gmail.com,subscription,0,0
PR000001129,1/26/2026,C000436,65,3060,0,M000297,telecoms,0.37098396923570165,33.3,EUR,card,pos,1,android,ef838b48bd281fdc,GB,US,IE,1,0,0,0,0,outlook.com,standard,0,0
PR000001130,1/26/2026,C001683,54,3245,0,M000431,services,0.293063608,8.8,EUR,card,web,0,linux,ab71e43e6015946f,NL,GB,US,1,0,0,3,0,gmail.com,standard,0,0
PR000001131,1/26/2026,C002512,48,1535,0,M000431,digital_goods,0.5611269312228172,58.1,GBP,card,mobile_app,0,linux,315f1079aba09fb8,NL,FR,FR,1,0,0,1,0,,subscription,0,0
PR000001132,1/26/2026,C000831,34,2067,0,M000446,digital_goods,0.6267463015150663,10.45,GBP,card,web,0,ios,b70aeecc47acbf57,IE,IE,GB,1,0,0,3,0,icloud.com,standard,0,0
PR000001133,1/26/2026,C000424,56,3310,1,M000375,electronics,0.22582605832662983,35.4,GBP,card,mobile_app,0,macos,222877cec74b665b,GB,FR,FR,1,0,0,1,0,business.com,gift_cards,0,0
PR000001134,1/26/2026,C001176,57,754,0,M000223,grocery,0.24691753826149268,130.97,EUR,card,mobile_app,0,ios,50d980e797cade6b,US,FR,US,1,0,0,4,1,gmail.com,standard,0,0
PR000001135,1/26/2026,C000920,22,1598,0,M000124,gaming,0.35512828975824207,18.28,EUR,card,web,0,android,e5adae1320e0f4cd,GB,IE,NL,1,0,0,1,0,outlook.com,gift_cards,0,0
PR000001136,1/26/2026,C000576,29,642,0,M000107,restaurants,0.3465460444576022,22.11,EUR,card,web,0,ios,07f252984f233c02,IE,IE,IE,0,0,1,3,0,icloud.com,standard,0,0
PR000001137,1/26/2026,C001048,70,3627,0,M000193,telecoms,0.24725938518072707,23.64,EUR,card,mobile_app,0,ios,2ff7fcfe894c1c16,GB,DE,DE,1,0,0,1,0,,standard,0,0
PR000001138,1/26/2026,C000678,32,2459,0,M000171,fashion,0.4513816475298085,38.05,EUR,card,in_app,1,android,2a5c32b55b21f378,DE,IE,ES,1,0,0,5,0,outlook.com,standard,0,0
PR000001139,1/26/2026,C000902,25,1478,0,M000104,digital_goods,0.5788865123189328,45.74,EUR,card,in_app,0,macos,,ES,GB,IE,1,1,0,7,0,,standard,0,0
PR000001140,1/26/2026,C000165,34,3236,0,M000270,marketplace,0.659212967,17.85,EUR,card,mobile_app,0,linux,4696ddeb125d7b59,IT,PL,US,1,0,0,5,0,gmail.com,gift_cards,0,0
PR000001141,1/26/2026,C001001,20,1099,0,M000032,fashion,0.2656541906302841,30.95,EUR,card,pos,1,android,0c3c097f286cdbae,GB,GB,US,1,0,1,5,0,icloud.com,gift_cards,0,0
PR000001142,1/27/2026,C001613,44,2912,0,M000042,fashion,0.2435462004210554,152.26,EUR,card,mobile_app,0,windows,7e0875c049636cb6,GB,GB,NL,1,0,1,1,0,outlook.com,standard,0,0
PR000001143,1/27/2026,C000137,61,1394,0,M000129,travel,0.3142452578587043,16.15,EUR,card,web,0,ios,0368f5a47af1a633,US,FR,IE,1,0,1,0,0,outlook.com,standard,0,0
PR000001144,1/27/2026,C002170,18,2734,1,M000382,marketplace,0.43046540962818086,36.72,GBP,card,pos,1,ios,,IT,GB,IE,1,0,0,1,1,proton.me,standard,0,0
PR000001145,1/27/2026,C001649,73,1540,0,M000129,utilities,0.2015635095655189,50.11,EUR,card,web,0,ios,c08c1f1f6795df5e,FR,IE,US,1,0,0,3,0,yahoo.com,subscription,0,0
PR000001146,1/27/2026,C000169,37,784,0,M000141,travel,0.6815049415374644,70.06,EUR,card,web,0,android,1fcc587e589c6c7b,IE,ES,DE,1,0,1,1,0,student.edu,standard,0,0
PR000001147,1/27/2026,C002426,26,2791,0,M000361,marketplace,0.3943755443789301,27.51,EUR,card,mobile_app,0,ios,9a30220258d111ce,US,IE,DE,1,0,0,3,0,icloud.com,standard,0,0
PR000001148,1/27/2026,C001390,41,3175,1,M000030,electronics,0.4220297319107468,99.13,EUR,card,mobile_app,0,ios,5f46e162b5d7936f,IE,NL,IT,1,0,0,4,0,yahoo.com,standard,0,0
PR000001149,1/27/2026,C000765,79,1048,0,M000390,fashion,0.3881961059534808,30.95,EUR,card,mobile_app,0,windows,c299c4772f1938c2,IE,IT,GB,1,0,0,1,0,outlook.com,standard,0,0
PR000001150,1/27/2026,C001341,71,133,0,M000463,restaurants,0.01,24.1,EUR,card,mobile_app,0,linux,4a474e0b4307265e,GB,GB,FR,1,0,0,4,0,gmail.com,standard,0,0
PR000001151,1/27/2026,C000184,37,1724,0,M000328,digital_goods,0.8082616315007458,29.23,EUR,card,web,0,android,ee56ed55e1628392,IT,US,FR,1,0,0,4,0,student.edu,standard,0,0
PR000001152,1/27/2026,C001730,37,542,0,M000149,utilities,0.2682544179830062,12.78,EUR,card,pos,1,ios,,IE,IE,IE,0,0,0,1,0,outlook.com,standard,0,0
PR000001153,1/27/2026,C000422,53,337,0,M000032,digital_goods,0.6024867703493904,24.38,EUR,wallet,web,0,android,c9957e38e97052d4,GB,IE,NL,1,0,1,4,0,icloud.com,gift_cards,0,0
PR000001154,1/27/2026,C000456,56,291,0,M000168,grocery,0.3686522634558241,33.26,EUR,bank_transfer,web,0,ios,4a57f07e54ec4c94,IE,FR,FR,1,0,1,3,0,business.com,standard,0,0
PR000001155,1/27/2026,C000057,23,362,0,M000372,fashion,,17.77,EUR,card,mobile_app,0,android,6043b1e4aa0d61a4,GB,FR,GB,1,0,0,1,1,icloud.com,standard,0,0
PR000001156,1/27/2026,C000381,69,2795,0,M000422,fashion,0.14758117215964645,18.82,EUR,card,web,0,macos,e1ac74522b0741ae,IE,IE,US,1,0,0,3,0,icloud.com,standard,0,0
PR000001157,1/27/2026,C001980,53,1218,0,M000228,electronics,0.4678493329943085,39.29,GBP,wallet,pos,1,ios,9ad7249a7aeac7c4,IE,DE,IE,1,0,0,1,1,gmail.com,subscription,0,0
PR000001158,1/27/2026,C001225,72,2453,0,M000388,health,0.31816474024591374,34.46,EUR,card,mobile_app,0,ios,d6476fbefaef9b1a,NL,IE,GB,1,0,1,3,0,outlook.com,standard,0,0
PR000001159,1/27/2026,C001742,67,1852,0,M000289,health,0.4748232934961991,36.96,EUR,card,mobile_app,0,windows,,GB,IE,GB,1,0,1,2,0,business.com,standard,0,0
PR000001160,1/27/2026,C001330,51,870,0,M000378,utilities,0.2839492150243097,6.47,USD,card,mobile_app,0,linux,ae296872b12c4517,IE,GB,IE,1,0,0,,0,outlook.com,standard,0,0
PR000001161,1/27/2026,C002403,34,1159,0,M000373,utilities,0.39529076,11.54,EUR,card,web,0,macos,7ec76bcfe7847890,IE,IE,US,1,0,0,1,0,gmail.com,standard,0,0
PR000001162,1/27/2026,C000143,35,2841,0,M000079,marketplace,0.5465858890315154,7.12,EUR,card,pos,1,ios,573cbba6367233dd,IE,GB,GB,1,0,1,4,0,business.com,standard,0,0
PR000001163,1/27/2026,C002145,38,3623,0,M000166,telecoms,0.420450494,6.86,EUR,card,mobile_app,0,android,8a7ddb9ee3ccd234,NL,DE,NL,1,0,0,1,0,business.com,standard,0,0
PR000001164,1/27/2026,C001515,37,1558,0,M000309,telecoms,0.49429430086960324,11.05,GBP,card,web,0,ios,9c17a05792552d51,FR,DE,IE,1,0,0,3,0,gmail.com,standard,0,0
PR000001165,1/27/2026,C002288,39,2758,0,M000247,electronics,0.4934496720659017,11.41,EUR,card,web,0,ios,a21afc7ab1d7bc46,US,IE,PL,1,0,1,5,0,outlook.com,standard,0,0
PR000001166,1/27/2026,C002495,31,680,0,M000395,health,0.29451347969175906,13.47,EUR,bank_transfer,pos,1,windows,407188bbc9025dd3,DE,IE,DE,1,0,0,2,0,gmail.com,standard,0,0
PR000001167,1/27/2026,C002312,18,2581,0,M000190,telecoms,0.4988639408756151,25.12,EUR,card,web,0,ios,26d2a2e72fdcbf23,PL,US,US,1,0,0,6,0,yahoo.com,gift_cards,0,0
PR000001168,1/27/2026,C001144,79,1690,1,M000002,marketplace,0.4452071671179844,10.72,EUR,card,web,0,windows,52f6bebfc8a2cde9,IE,DE,ES,1,0,0,7,0,icloud.com,standard,0,0
PR000001169,1/27/2026,C001959,70,1473,0,M000341,restaurants,0.4311393481327048,34.07,EUR,card,mobile_app,0,windows,ad104ee94cc99f55,FR,GB,US,1,0,1,4,0,outlook.com,subscription,0,0
PR000001170,1/27/2026,C001435,35,3052,0,M000111,gaming,0.6093080111493036,54.88,GBP,card,mobile_app,0,android,aced853bc2776673,DE,DE,FR,1,0,0,1,0,gmail.com,gift_cards,0,0
PR000001171,1/27/2026,C002221,73,3097,0,M000457,digital_goods,0.5141755397696405,18.39,EUR,card,mobile_app,0,macos,a751f75f84dba4c3,DE,PL,ES,1,0,0,3,0,gmail.com,gift_cards,0,0
PR000001172,1/27/2026,C000548,37,347,0,M000425,marketplace,0.4564000604064864,101.47,USD,bank_transfer,web,0,ios,b1448664d987ed36,US,DE,IE,1,1,0,8,0,outlook.com,standard,0,1
PR000001173,1/27/2026,C000223,41,2776,0,M000350,marketplace,0.4727242806776492,14.14,EUR,card,web,0,android,,FR,IT,FR,1,0,2,2,0,gmail.com,standard,0,0
PR000001174,1/27/2026,C000071,40,1120,0,M000280,fashion,0.5920787194200587,24.18,EUR,card,pos,1,ios,f765304eddd567de,IE,FR,GB,1,0,1,1,0,outlook.com,standard,0,0
PR000001175,1/27/2026,C000332,75,419,0,M000464,services,0.3213377751763904,21.43,EUR,wallet,web,0,android,551a35b5c0d24780,IE,FR,IE,1,0,1,2,0,gmail.com,standard,0,0
PR000001176,1/27/2026,C000706,68,1816,0,M000162,services,0.4193139919457525,47.84,EUR,card,pos,1,android,fbc8ff3397e468a9,IE,IE,IE,0,0,0,3,0,outlook.com,standard,0,0
PR000001177,1/27/2026,C001101,24,3247,0,M000041,digital_goods,0.5002803978636292,24.14,EUR,card,web,0,ios,7ccafec8162ae732,FR,DE,US,1,0,0,1,0,student.edu,standard,0,0
PR000001178,1/27/2026,C001115,34,3272,0,M000012,grocery,0.37874226092535546,38.87,EUR,card,mobile_app,0,windows,c57173f69337c1dc,IE,DE,IE,1,0,1,1,0,yahoo.com,standard,0,0
PR000001179,1/27/2026,C001618,54,533,0,M000118,grocery,0.323282194,102.37,GBP,card,pos,1,windows,84fbe46c24dd9749,ES,US,BR,1,0,0,0,0,student.edu,standard,0,0
PR000001180,1/28/2026,C001754,35,2097,0,M000451,fashion,0.3499130289017155,19.38,EUR,card,pos,1,macos,d6cbd23fdc4c9a09,IE,IE,IE,0,0,1,0,0,outlook.com,standard,0,0
PR000001181,1/28/2026,C002276,66,831,1,M000274,restaurants,0.6076162566640992,40.98,GBP,bank_transfer,web,0,android,,US,IE,IE,1,0,1,2,0,business.com,standard,0,0
PR000001182,1/28/2026,C000659,75,3337,0,M000050,digital_goods,0.5888670942462088,122.81,GBP,card,web,0,android,a37a40fd5f406182,GB,IE,ES,1,1,2,4,0,gmail.com,standard,0,1
PR000001183,1/28/2026,C000128,70,2360,0,M000447,telecoms,0.2998067704499364,52.62,EUR,bank_transfer,web,0,ios,53b505fd1ffee334,PL,IE,IE,1,0,1,4,0,student.edu,standard,0,0
PR000001184,1/28/2026,C002203,46,2694,0,M000458,digital_goods,0.4433511063242219,75.02,EUR,card,mobile_app,0,ios,4709fffdb13f7fc4,FR,ES,DE,1,0,1,2,0,gmail.com,gift_cards,0,0
PR000001185,1/28/2026,C001718,36,1991,0,M000205,gaming,0.5053092681489889,71.91,EUR,bank_transfer,web,0,windows,,IE,IT,SE,1,0,0,3,0,gmail.com,standard,0,0
PR000001186,1/28/2026,C001926,66,817,0,M000315,restaurants,0.20107950983853984,10.03,EUR,card,web,0,android,1fc0d88d6b6f1678,NL,IE,IE,1,0,1,6,1,icloud.com,standard,0,0
PR000001187,1/28/2026,C002069,33,3034,0,M000006,travel,0.5583193472341426,11.45,EUR,wallet,mobile_app,0,android,7a6e0d119ce89814,DE,IE,IE,1,0,0,4,0,yahoo.com,standard,0,0
PR000001188,1/28/2026,C001869,51,3411,0,M000357,grocery,0.16729826244138915,32.35,EUR,card,pos,1,android,5f14d759a0ced7a3,IE,IE,PL,1,0,0,5,0,outlook.com,standard,0,0
PR000001189,1/28/2026,C001484,41,159,0,M000404,travel,0.5201295500739012,23.02,GBP,card,web,0,macos,e7f775bea7cb75b4,FR,ES,FR,1,0,0,1,0,icloud.com,standard,0,0
PR000001190,1/28/2026,C000193,52,1355,0,M000149,digital_goods,0.400689513,17.29,EUR,wallet,web,0,macos,5715832faf365347,IE,IE,GB,1,0,1,2,0,icloud.com,standard,0,0
PR000001191,1/28/2026,C001287,34,2367,0,M000087,health,0.25696433964445403,36.46,EUR,card,mobile_app,0,windows,,NL,GB,IT,1,0,0,0,0,gmail.com,standard,0,0
PR000001192,1/28/2026,C001464,47,3489,0,M000368,marketplace,0.5103059070593348,6.26,EUR,card,web,0,ios,cd946e3a310900ff,ES,IE,GB,1,0,0,4,0,gmail.com,standard,0,0
PR000001193,1/28/2026,C002380,72,1938,0,M000172,digital_goods,0.7994392105053295,57.81,EUR,wallet,web,0,ios,cfef900705672718,IE,FR,US,1,0,1,1,0,outlook.com,standard,0,0
PR000001194,1/28/2026,C001980,54,448,0,M000224,services,0.4922943719250982,42.76,EUR,card,web,0,windows,383e4d3295aa18a4,GB,GB,IE,1,0,1,1,0,outlook.com,standard,0,0
PR000001195,1/28/2026,C001243,68,2786,0,M000316,grocery,0.2438862559321992,19.55,EUR,card,pos,1,ios,09744e8257889f5e,DE,US,IE,1,0,1,2,0,gmail.com,standard,0,0
PR000001196,1/28/2026,C001517,35,3150,1,M000265,fashion,0.39286233014808575,56.83,EUR,wallet,web,0,macos,,NL,DE,IE,1,0,0,2,0,proton.me,gift_cards,0,0
PR000001197,1/28/2026,C002462,67,17,0,M000345,gaming,0.5244861066304912,68.21,GBP,bank_transfer,web,0,android,8a52783cb80a13ca,IE,GB,BR,1,0,1,1,0,icloud.com,standard,0,0
PR000001198,1/28/2026,C000642,21,1252,0,M000106,health,0.2006777275554379,67.76,EUR,card,web,0,android,,GB,GB,US,1,0,0,4,0,icloud.com,standard,0,0
PR000001199,1/28/2026,C000272,53,1104,0,M000226,restaurants,0.28725539593622823,22.47,EUR,card,web,0,macos,7d45dde21865462a,DE,GB,IE,1,0,1,5,0,yahoo.com,standard,0,0
PR000001200,1/28/2026,C000903,63,2750,0,M000125,digital_goods,,7.15,EUR,card,in_app,0,windows,125f6af2b7165f99,US,GB,IE,1,0,0,3,0,outlook.com,standard,0,0
PR000001201,1/28/2026,C001211,35,1342,0,M000417,utilities,0.201100622,132.77,EUR,card,mobile_app,0,macos,44345b38c796ea54,PL,FR,IE,1,0,0,3,0,outlook.com,standard,0,0
PR000001202,1/28/2026,C001590,31,1046,0,M000345,electronics,0.4032340510359018,59.09,GBP,card,mobile_app,0,android,5c11a0bdc32562f8,ES,FR,IE,1,0,0,2,0,yahoo.com,standard,0,0
PR000001203,1/28/2026,C002006,50,2260,0,M000456,electronics,0.45294188075243125,76.7,EUR,card,web,0,linux,89989e6a6841bdca,FR,US,IE,1,0,2,2,0,business.com,standard,0,0
PR000001204,1/28/2026,C001725,79,70,0,M000425,marketplace,0.4484160333094872,29.5,USD,card,web,0,windows,2be2078ec7691d90,IE,IE,FR,1,0,0,2,0,outlook.com,standard,0,0
PR000001205,1/28/2026,C000794,36,3507,0,M000213,services,,125.39,GBP,card,mobile_app,0,linux,3307a5e62ea38217,IE,ES,GB,1,0,0,1,1,gmail.com,standard,0,0
PR000001206,1/28/2026,C001423,74,473,0,M000321,electronics,0.69371874,29.93,EUR,card,web,0,ios,d262f3be593571af,DE,PL,IE,1,0,1,5,0,business.com,standard,0,0
PR000001207,1/28/2026,C001692,27,2900,0,M000119,electronics,0.7040083063863245,26.28,EUR,card,mobile_app,0,windows,75ee93cc83c017c9,IE,IE,FR,1,0,3,3,0,outlook.com,standard,0,0
PR000001208,1/28/2026,C000297,34,1225,0,M000105,electronics,0.47130730165286094,15.36,GBP,card,web,0,android,,GB,GB,DE,1,0,2,1,0,gmail.com,standard,0,0
PR000001209,1/28/2026,C000627,47,2337,1,M000076,gaming,0.6296457755364522,16.81,EUR,card,web,0,linux,6bf2320163e7ca22,NL,NL,GB,1,0,0,3,0,proton.me,standard,0,0
PR000001210,1/28/2026,C002414,65,3241,0,M000313,fashion,,92.55,EUR,card,web,0,macos,80edc875f2b84b2b,US,ES,DE,1,1,2,4,1,business.com,gift_cards,0,1
PR000001211,1/28/2026,C000439,38,132,0,M000285,fashion,0.29855042788835034,31.35,EUR,card,mobile_app,0,ios,ce32ac3d4b67159b,IE,IE,ES,1,0,0,2,0,proton.me,standard,0,0
PR000001212,1/28/2026,C000780,41,1963,0,M000353,health,0.21822511832329766,26.77,EUR,wallet,mobile_app,0,windows,258f7a6dd3989aaf,IE,US,GB,1,0,0,2,0,gmail.com,standard,0,0
PR000001213,1/28/2026,C001126,30,2559,0,M000049,fashion,0.22288650241802732,127.84,EUR,bank_transfer,pos,1,linux,bb5e98bbc6cd8880,GB,DE,ES,1,0,0,2,0,icloud.com,standard,0,0
PR000001214,1/28/2026,C001854,71,3507,0,M000239,utilities,0.20152588396806898,37.98,EUR,card,in_app,0,android,914eaed10202e6e4,ES,FR,IE,1,1,1,7,0,outlook.com,standard,0,1
PR000001215,1/28/2026,C002333,66,3173,0,M000004,fashion,0.13994437313862232,31.31,EUR,bank_transfer,mobile_app,0,linux,2c6a473b504bc6ab,GB,DE,GB,1,0,1,2,0,gmail.com,standard,0,0
PR000001216,1/28/2026,C002181,62,622,0,M000270,grocery,0.050957852,25.96,EUR,card,web,0,ios,605f351392628d6d,SE,GB,DE,1,0,2,2,0,outlook.com,subscription,0,0
PR000001217,1/28/2026,C001228,50,2997,1,M000088,marketplace,0.6016327741588254,127.93,EUR,card,mobile_app,0,ios,,IE,IE,GB,1,0,0,1,0,gmail.com,standard,0,0
PR000001218,1/28/2026,C000112,47,375,0,M000392,electronics,0.5725535315870732,9.72,EUR,card,mobile_app,0,ios,064d24f986ceb29f,FR,IT,GB,1,0,1,6,0,business.com,standard,0,0
PR000001219,1/28/2026,C002582,59,617,0,M000379,grocery,,19.64,USD,card,pos,1,android,0d2eb95f0553a6d8,PL,IE,US,1,0,0,1,0,yahoo.com,gift_cards,0,0
PR000001220,1/28/2026,C001253,57,3121,0,M000457,services,0.4287226718199154,23.69,EUR,card,mobile_app,0,android,adf059ebe048e7f3,FR,FR,IE,1,0,0,0,0,outlook.com,standard,0,0
PR000001221,1/28/2026,C000606,26,3001,1,M000344,services,0.5600063061268727,21.35,USD,card,mobile_app,0,ios,8bc4ef3d6d121461,DE,PL,GB,1,0,1,,0,gmail.com,standard,0,0
PR000001222,1/28/2026,C001820,70,737,0,M000389,fashion,0.31495577787683005,23.97,EUR,card,web,0,linux,d6cda6f997d2e98b,US,GB,IE,1,0,0,3,0,business.com,gift_cards,0,0
PR000001223,1/28/2026,C000421,38,280,0,M000170,marketplace,0.7102925299055306,68.42,GBP,wallet,web,0,ios,e9d4c5e9dc663ff8,NL,IE,IE,1,0,0,1,0,student.edu,standard,0,0
PR000001224,1/28/2026,C001897,48,689,0,M000361,telecoms,0.26531048888395237,11.63,USD,card,web,0,ios,39aa371ea3867e05,IE,FR,GB,1,0,1,2,0,yahoo.com,standard,0,0
PR000001225,1/28/2026,C002321,45,3431,0,M000386,utilities,0.18082990703635146,21.54,EUR,card,pos,1,linux,a75121274f5d59e4,IE,ES,NL,1,0,0,2,0,gmail.com,standard,0,0
PR000001226,1/28/2026,C001786,75,3389,0,M000449,services,0.5521744565845581,13.37,EUR,card,web,0,linux,,DE,IE,US,1,0,1,1,0,gmail.com,standard,0,0
PR000001227,1/28/2026,C001325,56,3039,0,M000344,electronics,0.6311932399248623,228.01,EUR,wallet,in_app,0,macos,e43a6d62fcd71579,DE,US,IE,1,0,0,0,0,business.com,standard,0,0
PR000001228,1/28/2026,C000531,45,1791,0,M000362,utilities,0.3345441116753132,7.81,EUR,card,mobile_app,0,linux,13803ab05cbb68ef,IE,FR,IE,1,0,0,3,0,yahoo.com,standard,0,0
PR000001229,1/28/2026,C000399,64,2687,0,M000403,electronics,0.6789651769224101,117.66,EUR,card,web,0,ios,fb569768dd2c4f62,US,ES,IE,1,1,4,6,0,gmail.com,standard,0,1
PR000001230,1/28/2026,C001227,29,563,0,M000040,fashion,0.40743848180902054,19.57,EUR,bank_transfer,pos,0,android,b705e69c953e9446,GB,PL,GB,1,0,0,1,0,gmail.com,standard,0,0
PR000001231,1/29/2026,C000836,30,2006,0,M000412,health,0.4110733650573409,186.76,USD,card,web,0,android,b3471ed01f8804d7,FR,NL,FR,1,0,0,4,0,gmail.com,standard,0,0
PR000001232,1/29/2026,C000637,46,2940,0,M000273,grocery,0.19630224385966855,69,EUR,card,pos,1,windows,5bac13d0e7005031,US,US,DE,1,0,0,1,0,icloud.com,gift_cards,0,0
PR000001233,1/29/2026,C000882,62,352,0,M000480,marketplace,0.5042665650114806,21.64,EUR,card,web,0,android,b8b1ad588442f106,US,IE,FR,1,0,0,2,0,outlook.com,standard,1,0
PR000001234,1/29/2026,C000406,28,3324,0,M000287,fashion,0.12751777966306982,72.84,USD,wallet,mobile_app,0,android,f95b8868449a6622,GB,IE,DE,1,0,0,2,0,gmail.com,gift_cards,1,0
PR000001235,1/29/2026,C002298,29,3107,0,M000337,restaurants,0.2899024206621503,65.42,EUR,card,pos,1,macos,,IE,IE,GB,1,0,0,3,0,outlook.com,standard,0,0
PR000001236,1/29/2026,C001973,72,3593,0,M000257,grocery,0.2897588817430504,9.65,EUR,card,mobile_app,0,windows,51921faeaabc33df,IE,PL,IE,1,0,0,2,0,gmail.com,standard,0,0
PR000001237,1/29/2026,C001373,76,1239,0,M000231,marketplace,0.5671752497570077,28.01,EUR,card,pos,0,macos,,US,IT,FR,1,0,0,1,0,outlook.com,gift_cards,0,0
PR000001238,1/29/2026,C001553,56,3213,0,M000330,restaurants,0.30493652,62.24,EUR,card,mobile_app,0,ios,6eeecdc0f29d865c,IE,PL,FR,1,0,0,2,0,student.edu,standard,0,0
PR000001239,1/29/2026,C002279,65,607,1,M000221,utilities,0.36013258697628303,10.13,EUR,card,web,0,android,d59e482a033fb64c,GB,IE,IE,1,0,2,3,0,business.com,gift_cards,0,0
PR000001240,1/29/2026,C000945,60,13,0,M000408,telecoms,0.28917660785349364,28.56,EUR,card,web,0,android,,GB,PL,US,1,0,1,5,0,gmail.com,subscription,0,0
PR000001241,1/29/2026,C002119,41,3629,0,M000304,restaurants,0.3425152644457129,38.98,EUR,card,web,0,ios,1672d238ec21434c,IE,PL,US,1,0,0,,0,yahoo.com,standard,0,0
PR000001242,1/29/2026,C001610,35,1692,0,M000280,services,0.5442952245410329,37.86,GBP,card,mobile_app,0,macos,cf37d88762fddb3e,FR,IE,US,1,0,0,4,0,gmail.com,standard,0,0
PR000001243,1/29/2026,C001084,68,2891,0,M000312,gaming,0.5223023218783733,22.57,EUR,bank_transfer,web,0,android,177f967f7aa2ddbc,IT,ES,IE,1,0,1,3,0,outlook.com,gift_cards,1,0
PR000001244,1/29/2026,C002567,50,2585,0,M000179,restaurants,0.22439640709049902,57.79,EUR,wallet,web,0,macos,66d704abefd1d910,US,IE,IE,1,0,1,2,0,outlook.com,standard,0,0
PR000001245,1/29/2026,C001171,46,819,0,M000385,electronics,0.4792225507294381,11.45,EUR,card,web,0,windows,7e56400128b3e16a,US,IE,BR,1,0,0,8,0,outlook.com,standard,0,0
PR000001246,1/29/2026,C002233,33,2068,0,M000279,restaurants,0.2184211980668732,16.84,EUR,bank_transfer,pos,1,android,092e3044ba3f3120,IE,US,US,1,0,0,7,0,outlook.com,standard,0,0
PR000001247,1/29/2026,C002295,19,1329,0,M000248,grocery,0.3300466527165827,51.65,EUR,card,pos,1,android,2913a37750e944d3,IE,IT,FR,1,0,0,1,0,gmail.com,standard,0,0
PR000001248,1/29/2026,C002386,45,3044,0,M000440,electronics,0.4823336524465223,11.6,EUR,card,web,0,android,9aa957322a35cdf9,DE,IT,PL,1,0,0,4,0,gmail.com,standard,0,0
PR000001249,1/29/2026,C000947,51,1285,0,M000396,grocery,0.3520507699296053,14.86,EUR,bank_transfer,web,0,ios,8885d626decc8f98,US,ES,NL,1,1,1,10,0,icloud.com,standard,0,1
PR000001250,1/29/2026,C002140,79,3603,0,M000048,electronics,0.6604862468152177,8.68,EUR,card,web,0,ios,59ae17dbe5ab879d,NL,DE,NL,1,1,2,6,0,yahoo.com,standard,0,1
PR000001251,1/29/2026,C002457,59,3190,0,M000127,utilities,0.5145195983497529,123.85,EUR,card,mobile_app,0,ios,771b0c74f75488d2,US,US,IT,1,1,3,5,0,outlook.com,standard,0,1
PR000001252,1/29/2026,C000707,79,1232,0,M000471,telecoms,0.3430884310004346,69.51,EUR,card,mobile_app,0,android,c4180a23b4028089,GB,IE,BR,1,0,0,1,0,gmail.com,subscription,0,0
PR000001253,1/29/2026,C000493,23,2522,0,M000212,digital_goods,,20.54,EUR,card,mobile_app,0,android,,SE,IE,IE,1,0,0,3,0,gmail.com,gift_cards,0,0
PR000001254,1/29/2026,C001652,33,2980,0,M000397,digital_goods,0.5596433035485948,20.87,EUR,card,web,0,ios,d7e3abb8993f6cb2,ES,GB,US,1,0,0,4,0,icloud.com,gift_cards,0,0
PR000001255,1/29/2026,C001397,31,76,0,M000095,marketplace,0.44767827854598596,48.29,EUR,card,web,0,macos,58f08f907a46a35b,IE,DE,NL,1,0,0,4,0,icloud.com,standard,0,0
PR000001256,1/29/2026,C000917,36,682,0,M000029,marketplace,0.5443184724369375,32.49,EUR,card,web,0,windows,eae26a2186df18cf,GB,IE,IE,1,0,0,2,0,business.com,standard,0,0
PR000001257,1/29/2026,C002344,66,868,0,M000318,health,0.1282732203040889,36.3,EUR,card,mobile_app,0,android,,GB,GB,IE,1,0,0,2,0,gmail.com,standard,0,0
PR000001258,1/29/2026,C000617,68,3580,0,M000418,electronics,0.25734332894133105,15.45,EUR,card,pos,1,ios,,NL,IE,SE,1,0,1,0,0,outlook.com,standard,0,0
PR000001259,1/29/2026,C002094,25,3182,0,M000176,restaurants,0.19124788730395295,99.01,EUR,card,web,0,ios,bc3495c5f36e450a,DE,GB,IE,1,0,3,6,0,outlook.com,standard,0,1
PR000001260,1/29/2026,C001829,33,1503,0,M000178,travel,0.6124624576235032,143.61,EUR,card,web,0,ios,4faf0bd7f1412af5,GB,IT,DE,1,0,0,2,0,outlook.com,standard,0,0
PR000001261,1/29/2026,C001932,75,1839,0,M000342,utilities,0.2344808497442846,15.37,EUR,card,web,0,ios,2e364a9e984f024c,FR,IE,IE,1,0,1,5,0,student.edu,subscription,0,0
PR000001262,1/29/2026,C002432,57,420,0,M000112,gaming,0.4916277302899316,14.2,EUR,card,web,0,android,73b15f6005266b8b,FR,IE,IE,1,1,4,7,0,icloud.com,standard,0,1
PR000001263,1/29/2026,C000181,39,2311,0,M000103,services,0.1917434215890433,11.06,EUR,card,mobile_app,0,linux,c0fb2eb01c78df87,IE,PL,GB,1,0,1,1,0,gmail.com,standard,0,0
PR000001264,1/29/2026,C002431,74,2291,0,M000180,fashion,0.35974004019039046,69.74,EUR,card,pos,1,ios,69281ff666cf231d,IE,IE,IE,0,0,0,1,0,business.com,gift_cards,0,0
PR000001265,1/29/2026,C002119,59,2612,0,M000113,services,0.43434931481153427,39.36,EUR,card,web,0,android,,IE,IE,SE,1,0,0,3,0,gmail.com,subscription,0,0
PR000001266,1/29/2026,C002570,77,2479,0,M000370,marketplace,0.4733882322693565,59.15,EUR,card,mobile_app,0,ios,bc5fa1386f0bef2c,FR,FR,SE,1,0,1,4,0,gmail.com,standard,0,0
PR000001267,1/29/2026,C001029,59,2690,0,M000467,gaming,0.6253672292294549,20.35,EUR,card,mobile_app,0,ios,3565fbe8f8d09dce,FR,PL,SE,1,0,0,2,0,gmail.com,gift_cards,0,0
PR000001268,1/29/2026,C001761,60,1649,0,M000424,grocery,0.3070921488252186,46.8,EUR,card,mobile_app,0,ios,3bbec67133e9012a,ES,GB,PL,1,0,0,2,0,yahoo.com,gift_cards,0,0
PR000001269,1/29/2026,C000255,44,598,0,M000473,gaming,0.5718556905190855,7.17,EUR,wallet,web,0,windows,3c83c12d215cc70e,DE,DE,IT,1,0,0,2,0,yahoo.com,standard,0,0
PR000001270,1/29/2026,C000410,63,151,1,M000106,health,0.5179068756356919,19.16,EUR,bank_transfer,web,0,android,7b42db5d29c64768,GB,GB,IT,1,0,1,4,0,gmail.com,standard,0,0
PR000001271,1/29/2026,C001413,43,3265,0,M000231,gaming,0.6536276657989556,18.71,EUR,bank_transfer,web,0,android,0557b2bfe7b44387,DE,US,US,1,0,1,3,0,business.com,standard,0,0
PR000001272,1/29/2026,C002017,54,1944,0,M000352,marketplace,0.5633921351088749,72.37,GBP,bank_transfer,web,0,windows,28ebfaff372daa84,GB,IE,ES,1,0,0,2,0,icloud.com,standard,0,0
PR000001273,1/29/2026,C002305,69,2827,0,M000413,utilities,0.2896623834247508,22.97,EUR,card,mobile_app,0,ios,6238aff37452f843,FR,IE,PL,1,0,0,1,1,gmail.com,standard,0,0
PR000001274,1/29/2026,C002501,76,386,0,M000038,services,0.46960841895986694,17.17,EUR,wallet,pos,1,linux,033d306294ad4cee,FR,PL,FR,1,0,0,3,0,icloud.com,standard,0,0
PR000001275,1/29/2026,C002502,64,3483,0,M000456,grocery,0.19613128459318585,36.51,EUR,card,mobile_app,0,linux,b7334002c0d160bd,IE,NL,GB,1,0,0,4,0,gmail.com,subscription,0,0
PR000001276,1/29/2026,C000587,30,2538,0,M000467,telecoms,0.5410581324898025,96.35,EUR,wallet,mobile_app,0,ios,,IE,NL,PL,1,0,2,2,0,outlook.com,subscription,0,0
PR000001277,1/29/2026,C000836,48,2721,0,M000255,restaurants,0.5120022350832365,75.54,EUR,card,web,0,android,af8be10988063072,FR,FR,US,1,0,1,3,0,outlook.com,standard,0,0
PR000001278,1/29/2026,C001840,24,3014,1,M000405,fashion,0.24362448153311958,39.32,EUR,wallet,pos,1,android,a72584efb9f88a49,GB,IE,IE,1,1,1,4,0,gmail.com,standard,0,0
PR000001279,1/29/2026,C001210,42,1632,0,M000358,marketplace,0.44757628155318446,21.45,EUR,card,mobile_app,0,android,c96300064d4569f2,FR,ES,BR,1,0,1,1,0,gmail.com,gift_cards,0,0
PR000001280,1/29/2026,C000600,76,456,1,M000355,marketplace,0.22755963332306817,37.13,EUR,card,web,0,macos,f962a1cbffe51d2c,GB,IE,IE,1,0,0,6,0,gmail.com,standard,0,0
PR000001281,1/29/2026,C000449,60,2547,0,M000401,services,0.42892483690258987,57.35,EUR,card,mobile_app,0,android,a07910a2a8ce725f,FR,ES,GB,1,0,0,,1,business.com,subscription,0,0
PR000001282,1/30/2026,C002132,53,278,0,M000241,grocery,0.093087639,35.48,EUR,card,web,0,android,e5ee206e4fed106a,IE,GB,NL,1,0,1,1,0,outlook.com,standard,0,0
PR000001283,1/30/2026,C002225,56,1866,0,M000135,digital_goods,0.6163449494650453,40.56,GBP,card,web,0,ios,8d8814673d6cfe9f,IE,IE,NL,1,1,2,11,0,proton.me,standard,0,1
PR000001284,1/30/2026,C001591,35,3420,0,M000265,gaming,0.38363225344360063,56.24,EUR,card,pos,1,ios,d5974574e04cc976,ES,ES,GB,1,0,2,3,0,gmail.com,standard,0,0
PR000001285,1/30/2026,C000124,18,3624,0,M000474,restaurants,0.19779166116254793,16.71,EUR,bank_transfer,pos,1,android,8539a8f832c36a15,IE,NL,DE,1,0,0,1,0,outlook.com,standard,0,0
PR000001286,1/30/2026,C000647,35,1396,0,M000084,services,0.3841962808773413,31.33,EUR,card,web,0,ios,5c6e562e9e4f0297,IT,DE,IE,1,0,0,2,0,student.edu,standard,0,0
PR000001287,1/30/2026,C000445,32,3153,0,M000314,health,0.38065247170211414,21.54,USD,card,web,0,android,0e061350530bd88d,IE,US,BR,1,0,,0,0,student.edu,standard,0,0
PR000001288,1/30/2026,C000430,68,1851,0,M000412,telecoms,0.4304835094576297,91.09,EUR,card,pos,1,ios,c8a705bd5ece72b0,IE,GB,GB,1,0,0,2,0,outlook.com,standard,0,0
PR000001289,1/30/2026,C000399,61,3422,0,M000122,health,0.26404449121712503,167.01,EUR,bank_transfer,web,0,ios,e3d0ff182c1d412b,IE,US,GB,1,0,1,4,0,student.edu,standard,0,1
PR000001290,1/30/2026,C000860,48,1214,0,M000298,services,0.23544413823905963,24.6,EUR,bank_transfer,web,0,windows,e6fb6b191746c94d,PL,ES,IE,1,0,2,2,0,yahoo.com,standard,0,0
PR000001291,1/30/2026,C000972,79,2064,0,M000284,health,0.4038148473010512,31.23,USD,bank_transfer,in_app,0,ios,a25f4535973542da,FR,FR,IE,1,1,3,9,0,outlook.com,subscription,0,1
PR000001292,1/30/2026,C001218,74,915,0,M000327,travel,0.6556237638509896,38.15,EUR,card,web,0,windows,26e1cc4e806569b1,IT,GB,IE,1,0,1,4,0,gmail.com,standard,0,0
PR000001293,1/30/2026,C000551,44,1812,1,M000175,health,,34.95,EUR,bank_transfer,in_app,0,android,74555cf8dcac753b,FR,IT,IE,1,0,0,3,0,gmail.com,standard,0,0
PR000001294,1/30/2026,C001188,18,553,1,M000127,utilities,0.22189974949782817,19.93,EUR,card,web,0,macos,198230d01751b1ac,IT,SE,GB,1,0,1,5,0,gmail.com,standard,0,0
PR000001295,1/30/2026,C000160,75,3419,0,M000027,services,0.32729988807077165,22.31,USD,card,mobile_app,0,ios,1714d108ee5a835a,GB,PL,PL,1,0,1,0,0,outlook.com,standard,0,0
PR000001296,1/30/2026,C001841,56,674,0,M000345,grocery,,35.55,EUR,card,web,0,android,aa749c8238ae69b0,PL,ES,SE,1,0,0,4,0,,standard,0,0
PR000001297,1/30/2026,C002405,55,155,0,M000112,electronics,0.4768639662719411,82.68,GBP,card,mobile_app,0,ios,7d8ae5c191be05ac,IT,GB,US,1,0,0,4,0,icloud.com,standard,0,0
PR000001298,1/30/2026,C000110,41,3335,0,M000132,marketplace,0.5243630345270315,20.88,EUR,card,web,0,ios,0432ac66b2492bd9,IE,US,IE,1,0,0,5,0,gmail.com,standard,0,0
PR000001299,1/30/2026,C002565,28,2213,0,M000123,health,0.36306702385833894,39.19,EUR,card,web,0,ios,,PL,GB,PL,1,0,1,4,0,business.com,standard,0,0
PR000001300,1/30/2026,C001715,73,2105,0,M000169,services,0.37247651023105866,36.73,EUR,card,mobile_app,0,android,b3d8eeb23a8f36ee,GB,GB,GB,0,0,0,2,0,yahoo.com,gift_cards,0,0
PR000001301,1/30/2026,C001886,26,816,0,M000370,digital_goods,0.6196373998485024,86.45,EUR,card,web,0,android,d89f811038372b00,ES,US,GB,1,0,0,,0,student.edu,standard,0,0
PR000001302,1/30/2026,C002395,35,3366,0,M000328,health,0.4706768967088766,131.76,EUR,card,mobile_app,0,android,61e6978444612e45,ES,US,IE,1,0,0,2,0,outlook.com,gift_cards,0,0
PR000001303,1/30/2026,C001189,22,576,0,M000346,electronics,0.5724099669789444,29.81,EUR,card,web,0,linux,f96cd3f49ee79a00,GB,ES,GB,1,0,2,2,1,business.com,standard,0,0
PR000001304,1/30/2026,C001567,55,657,0,M000053,marketplace,0.40812123321118976,11.64,EUR,card,web,0,android,,SE,FR,GB,1,0,0,2,0,gmail.com,standard,0,0
PR000001305,1/30/2026,C000673,63,2337,0,M000278,marketplace,0.6145709612560337,19.97,EUR,card,web,0,android,32f464841b732272,IT,GB,IE,1,1,1,9,0,proton.me,standard,0,1
PR000001306,1/30/2026,C002465,19,778,0,M000333,health,0.3258780659246961,20.13,EUR,card,in_app,0,android,913df2dae8f5a5f3,IE,FR,GB,1,1,0,7,0,outlook.com,standard,0,0
PR000001307,1/30/2026,C001051,75,191,0,M000207,fashion,0.6711804032180662,119.09,EUR,bank_transfer,mobile_app,0,macos,1438b3897892036d,DE,IE,IE,1,0,1,1,0,yahoo.com,standard,0,0
PR000001308,1/30/2026,C001627,53,2239,0,M000207,marketplace,0.5285347262437629,58.56,EUR,card,in_app,1,android,c3105a64e0e19c49,GB,DE,BR,1,0,0,2,0,proton.me,standard,0,0
PR000001309,1/30/2026,C002374,44,2527,0,M000091,restaurants,,118.98,EUR,card,web,0,linux,1df1abfac3207f9e,GB,GB,IT,1,0,0,,1,yahoo.com,standard,0,0
PR000001310,1/30/2026,C001840,73,2985,0,M000401,gaming,0.6509991913576691,13.49,EUR,card,mobile_app,0,windows,,IE,ES,FR,1,0,0,2,0,business.com,standard,0,0
PR000001311,1/30/2026,C002275,75,3289,0,M000246,health,0.21226850726406224,45.61,EUR,card,mobile_app,0,android,f6efdb404790c200,GB,IE,IE,1,0,1,1,0,business.com,standard,0,0
PR000001312,1/30/2026,C000666,65,2202,0,M000103,travel,,40.06,EUR,card,pos,1,macos,770db762f4ad28c1,DE,IT,IE,1,0,0,3,0,student.edu,standard,0,0
PR000001313,1/30/2026,C001460,31,911,0,M000071,fashion,0.33873713715688997,18.36,GBP,card,pos,0,android,f0c79dd78ec930c9,PL,FR,GB,1,0,0,4,0,gmail.com,gift_cards,0,0
PR000001314,1/30/2026,C002261,75,3182,0,M000317,marketplace,0.47575872438273803,36.44,EUR,card,mobile_app,0,ios,e8931e92ab092f1b,DE,ES,IE,1,0,2,2,0,gmail.com,standard,0,0
PR000001315,1/30/2026,C001389,48,2416,0,M000375,telecoms,0.44166149847882624,24.06,EUR,bank_transfer,web,0,ios,2790a3af7b1c55ca,IE,ES,ES,1,0,1,2,0,business.com,standard,0,0
PR000001316,1/30/2026,C000905,41,1876,0,M000280,restaurants,0.19511410070230112,44.25,EUR,card,web,0,ios,c338925423a7bd53,NL,FR,US,1,0,2,5,0,gmail.com,standard,0,0
PR000001317,1/30/2026,C000747,21,2779,0,M000276,utilities,0.2876046781621127,29.81,EUR,card,web,0,macos,,GB,IE,IT,1,0,0,0,0,,standard,0,0
PR000001318,1/30/2026,C001379,33,432,1,M000061,marketplace,0.3400244839730144,67.28,EUR,card,pos,1,android,c63e145dec7a8e52,IE,IE,GB,1,0,0,3,0,student.edu,gift_cards,0,0
PR000001319,1/30/2026,C001519,63,284,0,M000195,grocery,0.046524829,46.54,GBP,card,in_app,0,ios,17e7329b582a648b,DE,IE,FR,1,0,0,1,0,outlook.com,subscription,0,0
PR000001320,1/30/2026,C002295,31,2736,0,M000377,travel,0.322505842,29.43,EUR,card,web,0,android,,PL,IE,FR,1,0,1,5,0,student.edu,standard,0,0
PR000001321,1/30/2026,C001711,39,1011,0,M000105,electronics,0.5643481817696069,9.06,EUR,card,mobile_app,0,ios,,IT,IT,SE,1,0,1,2,0,proton.me,standard,0,0
PR000001322,1/30/2026,C002208,67,2859,0,M000242,digital_goods,0.47609004081065165,25.56,USD,card,web,0,macos,,PL,DE,IE,1,0,3,2,0,proton.me,standard,0,1
PR000001323,1/30/2026,C002277,25,2998,0,M000315,fashion,0.23121365469638672,58.99,USD,card,mobile_app,0,windows,,IE,GB,FR,1,0,0,2,0,gmail.com,subscription,0,0
PR000001324,1/30/2026,C000363,66,1703,0,M000309,services,,38.21,EUR,card,web,0,android,6dcf3819765a24d0,US,SE,IE,1,0,2,4,0,gmail.com,standard,0,0
PR000001325,1/30/2026,C001362,51,2766,0,M000003,restaurants,0.2775180328895439,11.29,EUR,card,web,0,ios,1243f94ff72e7c8f,IE,US,GB,1,0,0,2,0,gmail.com,standard,0,0
PR000001326,1/30/2026,C001947,79,341,0,M000178,services,0.3813020324841604,22.44,GBP,card,web,0,ios,5b0a2b52b9d359dd,FR,PL,US,1,0,1,5,0,gmail.com,standard,0,0
PR000001327,1/30/2026,C000218,76,944,1,M000066,restaurants,0.6367999635123096,198.02,EUR,card,web,0,macos,09c022b3fe46510c,DE,US,ES,1,0,1,7,0,gmail.com,standard,0,1
PR000001328,1/30/2026,C002022,62,2454,0,M000122,digital_goods,0.6667989438474538,7.58,EUR,card,web,0,ios,3b5bcdbac389445c,IE,FR,US,1,0,0,2,0,business.com,standard,0,0
PR000001329,1/30/2026,C002552,42,3096,0,M000038,marketplace,0.4599314395460174,49.94,EUR,bank_transfer,pos,1,macos,cca128722d55bf95,PL,IE,IE,1,0,1,2,0,icloud.com,standard,0,0
PR000001330,1/30/2026,C002154,37,3394,0,M000181,telecoms,0.6788621940115978,42.43,EUR,card,web,0,ios,f2f127f344d1836f,US,SE,SE,1,0,1,2,0,outlook.com,standard,0,0
PR000001331,1/30/2026,C000995,47,5,0,M000041,restaurants,0.30777322049388034,59.72,EUR,card,web,0,ios,da07449e3db6395f,GB,IE,GB,1,1,5,7,0,gmail.com,standard,0,1
PR000001332,1/31/2026,C002038,59,26,0,M000141,utilities,0.2953817747199124,38.84,EUR,bank_transfer,web,0,ios,def0acff182baa0b,IE,US,IE,1,0,0,1,0,gmail.com,standard,0,0
PR000001333,1/31/2026,C000269,62,3323,1,M000221,restaurants,0.30171362237718236,15.2,GBP,card,web,0,macos,c522755e0a560130,IE,IT,GB,1,0,0,3,0,business.com,gift_cards,0,0
PR000001334,1/31/2026,C001705,72,506,0,M000229,grocery,0.2580163006425815,18.47,EUR,card,web,0,android,,IE,US,PL,1,0,1,4,1,icloud.com,standard,0,0
PR000001335,1/31/2026,C000628,70,710,0,M000269,restaurants,0.39639808253583975,55.49,USD,card,web,0,android,f017fb973c92ec52,FR,ES,ES,1,0,0,1,0,business.com,standard,0,0
PR000001336,1/31/2026,C002393,42,1622,0,M000185,telecoms,0.2168464407546432,56.67,EUR,card,pos,1,android,,GB,FR,GB,1,0,0,2,0,gmail.com,standard,0,0
PR000001337,1/31/2026,C001209,67,2958,0,M000371,fashion,0.2762173264892118,67.48,EUR,wallet,web,0,android,,IE,IE,FR,1,1,2,6,0,gmail.com,standard,0,1
PR000001338,1/31/2026,C000597,39,962,0,M000216,fashion,0.34529940597605935,22.57,USD,card,web,0,ios,a4b2cf6692240b1a,US,NL,IT,1,0,0,2,0,gmail.com,standard,0,0
PR000001339,1/31/2026,C002496,43,1718,0,M000230,gaming,0.4964281842598481,159,EUR,card,pos,1,android,f153a68ac3025b16,FR,IT,IE,1,0,1,3,0,gmail.com,standard,0,0
PR000001340,1/31/2026,C001650,22,789,0,M000324,restaurants,0.23313605757077863,9.92,GBP,bank_transfer,web,0,android,e6b8d250142f955b,IE,IT,GB,1,1,2,3,0,gmail.com,standard,0,0
PR000001341,1/31/2026,C002460,76,1246,0,M000141,grocery,0.26495696585074385,12.15,EUR,card,web,0,ios,818003e665c275bd,NL,IE,FR,1,0,0,2,0,proton.me,standard,0,0
PR000001342,1/31/2026,C000075,38,2481,0,M000161,electronics,0.6091665500500674,16.87,USD,card,mobile_app,0,ios,295fc00ed6325189,IE,DE,IE,1,0,0,4,0,gmail.com,standard,0,0
PR000001343,1/31/2026,C001086,63,1,0,M000384,fashion,0.25527295734511896,34.99,EUR,bank_transfer,mobile_app,0,android,fe2755c265ba5ac6,IE,IT,ES,1,1,1,6,0,gmail.com,standard,0,1
PR000001344,1/31/2026,C000183,62,1637,1,M000081,grocery,0.13011959933114253,62.51,EUR,card,pos,1,ios,,IE,IE,IE,0,0,0,2,0,gmail.com,gift_cards,0,0
PR000001345,1/31/2026,C001403,68,123,0,M000399,fashion,0.17231661041295238,56.6,GBP,bank_transfer,pos,0,android,c8712892572693a9,DE,IE,PL,1,0,0,2,0,,standard,0,0
PR000001346,1/31/2026,C002420,29,574,0,M000080,fashion,,61.86,EUR,card,web,0,android,83f2ad648fd302c1,PL,IT,DE,1,0,1,3,0,gmail.com,standard,0,0
PR000001347,1/31/2026,C001196,33,2108,0,M000080,services,0.3005550974844321,19.18,EUR,card,mobile_app,0,windows,4e86e623d066c5a6,DE,US,ES,1,0,0,2,0,gmail.com,standard,0,0
PR000001348,1/31/2026,C000527,54,345,0,M000256,restaurants,0.5557309118300462,127.51,EUR,card,web,0,ios,f101eb086206fa72,PL,NL,IE,1,0,1,4,0,,standard,0,0
PR000001349,1/31/2026,C000570,48,285,0,M000207,grocery,0.1990439945067286,23.69,GBP,card,mobile_app,0,android,e1208ceabdbc6b7e,IE,ES,FR,1,0,1,1,0,outlook.com,standard,0,0
PR000001350,1/31/2026,C000520,53,1335,0,M000370,electronics,0.33633894212153914,33.65,GBP,card,web,0,ios,18e431fb1904d2d6,PL,IE,BR,1,0,2,2,0,proton.me,gift_cards,0,0
PR000001351,1/31/2026,C000750,42,1917,0,M000313,electronics,0.5526796942993156,42.23,GBP,card,web,0,windows,59e9bba4b5ff8704,SE,NL,US,1,1,0,9,0,yahoo.com,gift_cards,0,0
PR000001352,1/31/2026,C001662,63,291,0,M000343,services,0.3211535240156887,129.48,EUR,card,web,0,android,c19e972a04b7a22d,GB,NL,FR,1,0,0,3,0,gmail.com,standard,0,0
PR000001353,1/31/2026,C001147,31,3609,0,M000220,electronics,0.5853442070567852,15.52,EUR,card,mobile_app,0,android,11704ec2e5202a6e,GB,IE,GB,1,0,0,,0,yahoo.com,standard,0,0
PR000001354,1/31/2026,C002423,22,851,0,M000463,marketplace,0.5090091095581144,50.28,EUR,card,web,0,android,0e1c6c47e1376d4b,FR,DE,IE,1,0,0,5,0,yahoo.com,standard,0,0
PR000001355,1/31/2026,C000278,48,1951,0,M000067,telecoms,0.4635841283645774,24.15,EUR,card,in_app,0,ios,9dfa5564bc786b9d,GB,IT,NL,1,0,1,5,0,gmail.com,standard,0,0
PR000001356,1/31/2026,C000337,20,1259,1,M000013,services,0.4117154631106131,51.4,EUR,card,mobile_app,0,android,497d0d9de6b20e89,GB,DE,IE,1,0,0,4,0,outlook.com,gift_cards,0,0
PR000001357,1/31/2026,C001894,25,2110,0,M000069,health,0.2722034824348431,91.53,GBP,card,web,0,ios,2fa377c9d6fc4cf8,IE,ES,IE,1,0,1,4,0,gmail.com,standard,0,0
PR000001358,1/31/2026,C000844,50,497,0,M000281,restaurants,0.35087825066698997,22.93,GBP,card,in_app,0,ios,,GB,FR,PL,1,0,1,1,1,proton.me,standard,0,0
PR000001359,1/31/2026,C000597,68,745,0,M000276,electronics,0.3897862623311031,22.03,EUR,card,web,0,android,97623652279c0598,IE,IE,FR,1,0,1,3,1,icloud.com,standard,0,0
PR000001360,1/31/2026,C001475,27,1861,0,M000466,marketplace,0.6420766345497697,52.28,EUR,card,mobile_app,0,ios,e3bed82963555bd9,FR,NL,IT,1,0,0,1,0,outlook.com,standard,0,0
PR000001361,1/31/2026,C000016,20,532,1,M000263,telecoms,0.46336511359216126,61.94,EUR,card,pos,1,android,99e98202c39a9d6e,GB,GB,DE,1,0,0,1,0,outlook.com,standard,0,0
PR000001362,1/31/2026,C001488,44,2636,0,M000173,marketplace,0.5146180770718778,54.05,EUR,card,web,0,android,8ff45c95f9191728,GB,NL,IE,1,0,1,3,0,outlook.com,standard,0,0
PR000001363,1/31/2026,C000576,20,3161,0,M000230,health,0.48816905833815727,38.96,EUR,card,web,0,android,e0d77ea4ac1c2586,IE,DE,IT,1,1,0,10,0,business.com,standard,0,0
PR000001364,1/31/2026,C001657,79,2016,0,M000112,utilities,0.26687429125110496,38.41,EUR,card,mobile_app,0,android,3edb97a14b4a1a21,IE,GB,IE,1,0,1,4,1,gmail.com,standard,0,1
PR000001365,1/31/2026,C002200,45,2558,0,M000283,electronics,0.5678580388338844,56.54,EUR,bank_transfer,web,0,windows,,GB,NL,GB,1,0,0,3,0,gmail.com,standard,0,0
PR000001366,1/31/2026,C001216,22,3258,0,M000324,grocery,0.4285802557251879,54.34,EUR,card,web,0,ios,,GB,SE,IE,1,0,0,3,0,outlook.com,standard,0,0
PR000001367,1/31/2026,C001027,33,2160,0,M000138,services,0.3848376283882575,8.46,EUR,wallet,web,0,windows,83d21859c9030d37,NL,FR,GB,1,0,0,1,0,student.edu,standard,0,0
PR000001368,1/31/2026,C000119,68,1777,0,M000093,utilities,0.442640249,50.84,EUR,card,web,0,android,9ae3586e798d5f41,ES,IE,DE,1,0,1,3,0,gmail.com,standard,0,0
PR000001369,1/31/2026,C002517,66,1758,0,M000358,grocery,0.21638092091836095,52.23,EUR,card,web,0,linux,,NL,GB,DE,1,1,2,10,0,student.edu,standard,0,1
PR000001370,1/31/2026,C001009,45,2946,1,M000307,services,0.36684588149882486,16.15,USD,card,mobile_app,0,android,1c27212fab7655ec,IE,IE,GB,1,0,0,3,0,gmail.com,standard,0,0
PR000001371,1/31/2026,C001236,66,1101,1,M000118,electronics,0.5765714706919226,36.49,EUR,card,web,0,macos,8f2c99595a807fbb,NL,IE,NL,1,1,2,6,0,proton.me,standard,0,1
PR000001372,1/31/2026,C000421,50,1156,0,M000469,fashion,0.47726861417506355,7.15,EUR,card,web,0,android,ec738de90464b355,IE,GB,GB,1,0,1,4,0,outlook.com,subscription,0,0
PR000001373,1/31/2026,C000155,49,1798,0,M000092,fashion,,35.36,EUR,card,web,0,macos,,GB,IE,SE,1,0,1,4,0,business.com,standard,0,0
PR000001374,1/31/2026,C001006,30,283,0,M000264,health,0.3204109316325642,146.49,GBP,card,web,0,ios,5f4c7aa3fde75044,IE,DE,FR,1,0,0,2,0,outlook.com,standard,0,0
PR000001375,1/31/2026,C002003,68,872,0,M000354,electronics,0.5139805459012307,12.3,GBP,card,mobile_app,0,android,ccb11237beeee066,IE,IT,IE,1,0,0,3,0,gmail.com,standard,0,0
PR000001376,1/31/2026,C001632,25,265,0,M000307,fashion,0.11127106615418014,24.28,GBP,card,pos,1,ios,a8f0bdeb2495b351,IE,IE,US,1,0,0,2,0,student.edu,standard,0,0
PR000001377,1/31/2026,C000271,36,3398,0,M000381,utilities,0.1794868643622439,22.26,EUR,card,mobile_app,0,ios,,GB,IT,SE,1,0,1,6,0,icloud.com,gift_cards,0,0
